,pe_ratio,pb_ratio,market_cap,report_date,ors,npgr,roic,pe_ratio_score,pb_ratio_score,market_cap_score,report_date_score,ors_score,npgr_score,roic_score
000001.SZ,7.1829,1.0147,1531.0283,2015-09-30,24576999424.0,13.0399999619,6.4289999008,3,1,10,1,1,4,1
000002.SZ,9.1505,1.6546,1444.1841,2015-09-30,29329412096.0,6.1399998665,-0.423999995,3,2,10,1,1,5,9
000004.SZ,227.3086,27.1135,22.0943,2015-09-30,29348952.0,142.6900024414,-0.0689999983,9,10,1,7,10,2,8
000005.SZ,133.9272,9.3622,60.5289,2015-09-30,9471826.0,6.6100001335,0.0370000005,9,9,5,7,10,5,6
000006.SZ,18.4525,3.1244,132.2995,2015-09-30,282841184.0,15.5399999619,-0.6600000262,4,5,8,7,7,4,10
000007.SZ,-199.8391,19.3571,67.3726,2015-09-30,31002492.0,-74.2200012207,0.2119999975,1,10,5,7,10,8,4
000008.SZ,299.861,7.427,207.2112,2015-09-30,264509584.0,880.2800292969,-0.0379999988,10,9,9,7,7,1,7
000009.SZ,92.3774,4.7387,177.0423,2015-09-30,1136427904.0,160.8999938965,-0.2389999926,8,7,8,7,4,1,9
000010.SZ,-56.496,6.8556,37.5777,2015-09-30,141775520.0,120.0299987793,-0.5460000038,2,9,2,7,8,2,10
000011.SZ,19.371,3.3074,65.2001,2015-09-30,297288992.0,-85.6200027466,-0.0659999996,4,5,5,7,7,9,7
000012.SZ,46.6898,2.512,188.8555,2015-09-30,2054090496.0,-46.5499992371,0.3280000091,6,4,9,7,3,8,3
000014.SZ,67.274,5.0076,33.8865,2015-09-30,40523236.0,-107.4300003052,-0.0419999994,7,7,2,7,10,9,7
000016.SZ,-46.0365,3.5,132.9186,2015-09-30,4900151808.0,-1891.1400146484,0.4740000069,2,6,8,7,2,10,3
000017.SZ,1394.7782,388.0173,47.8019,2015-09-30,62791436.0,-84.1200027466,0.0,10,10,3,7,9,9,7
000019.SZ,64.9827,2.7974,27.308,2015-09-30,86178576.0,75.6999969482,-0.0649999976,7,4,1,7,9,2,7
000020.SZ,188.4135,13.0117,38.4533,2015-09-30,140688912.0,1918.2299804688,0.1700000018,9,10,2,7,8,1,4
000021.SZ,37.766,2.3309,121.9674,2015-09-30,4013946112.0,4.0,-0.0080000004,6,3,7,7,2,5,7
000023.SZ,169.2766,11.525,42.3623,2015-09-30,250864208.0,69.7200012207,0.0480000004,9,10,3,7,7,3,6
000025.SZ,1195.3786,17.9,149.1165,2015-09-30,73318968.0,349.6700134277,0.1280000061,10,10,8,7,9,1,5
000026.SZ,31.8631,2.4818,41.5548,2015-09-30,784087488.0,-16.0799999237,0.6600000262,5,4,3,7,5,6,2
000027.SZ,18.5801,1.7031,376.6267,2015-09-30,3187848960.0,3.0899999142,0.7239999771,4,2,10,7,2,5,2
000028.SZ,30.6498,4.1672,211.6683,2015-09-30,6866003456.0,13.5200004578,1.1260000467,5,7,9,7,1,4,1
000029.SZ,28.5248,5.7874,128.2785,2015-09-30,460650560.0,310.4800109863,0.7940000296,5,8,8,7,6,1,2
000030.SZ,17.7968,2.3342,104.3654,2015-09-30,850113280.0,-23.8299999237,0.1490000039,4,3,7,7,4,7,5
000031.SZ,34.9853,4.0244,230.1625,2015-09-30,3914153472.0,241.6600036621,0.9309999943,6,6,9,7,2,1,2
000032.SZ,130.9318,4.2222,37.0021,2015-09-30,218658880.0,73.1100006104,0.0340000018,9,7,2,7,8,3,6
000034.SZ,134.1114,23.2367,43.7802,2015-09-30,122122560.0,-51.5400009155,-0.0710000023,9,10,3,7,9,8,8
000035.SZ,46.0844,4.9466,83.5407,2015-09-30,189146640.0,21.7700004578,0.2569999993,6,7,6,7,8,4,4
000036.SZ,421.1972,3.7781,73.6755,2015-09-30,55976132.0,-326.8500061035,-0.47299999,10,6,6,7,10,10,9
000037.SZ,-12.1458,3.7206,43.4592,2015-09-30,379682016.0,18.4099998474,0.6919999719,3,6,3,7,7,4,2
000038.SZ,-85.9681,31.0319,33.8049,2015-09-30,63271720.0,107.5199966431,0.2870000005,2,10,2,7,9,2,4
000039.SZ,16.2907,2.0694,482.3619,2015-09-30,12633858048.0,6.3499999046,-0.7300000191,4,3,10,7,1,5,10
000040.SZ,69.2758,3.5268,45.4097,2015-09-30,195078880.0,120.1299972534,0.0729999989,7,6,3,7,8,2,5
000042.SZ,15.8906,1.8813,70.4523,2015-09-30,823990912.0,35.1399993896,-1.5609999895,4,2,5,7,5,3,10
000045.SZ,-56.8553,2.2035,47.917,2015-09-30,322076320.0,116.1800003052,0.0780000016,2,3,3,7,7,2,5
000046.SZ,23.3735,4.6177,459.377,2015-09-30,4556436480.0,228.9499969482,0.6529999971,5,7,10,7,2,1,2
000048.SZ,37.5509,14.3177,94.8005,2015-09-30,552861696.0,1317.6800537109,0.7250000238,6,10,6,7,6,1,2
000049.SZ,31.3898,10.1055,82.4875,2015-09-30,2101873920.0,20.0499992371,1.5850000381,5,9,6,7,3,4,1
000050.SZ,24.4513,1.9951,165.2338,2015-09-30,2660896512.0,8.6300001144,1.4759999514,5,3,8,7,2,5,1
000055.SZ,50.0402,4.2633,53.8163,2015-09-30,692471808.0,20.6700000763,-0.4810000062,7,7,4,7,5,4,9
000056.SZ,-59.6833,2.7815,137.3898,2015-09-30,15841912.0,111.4499969482,0.0450000018,2,4,8,7,10,2,6
000058.SZ,151.3178,4.8097,69.0623,2015-09-30,194784480.0,-9.4499998093,-0.0590000004,9,7,5,7,8,6,7
000059.SZ,-18.1287,1.2555,110.3615,2015-09-30,5371599872.0,106.9800033569,3.7829999924,2,1,7,7,1,2,1
000060.SZ,45.8594,2.94,216.6163,2015-09-30,4763851776.0,-75.3499984741,0.0179999992,6,5,9,7,2,8,6
000061.SZ,255.3161,5.1724,250.8113,2015-09-30,413052032.0,-22.5900001526,0.3230000138,10,8,9,7,6,7,3
000062.SZ,69.7401,8.0538,204.6202,2015-09-30,301687680.0,-48.2000007629,0.0939999968,7,9,9,7,7,8,5
000063.SZ,21.3856,2.497,667.433,2015-09-30,22624454656.0,42.1899986267,0.0860000029,4,4,10,7,1,3,5
000065.SZ,34.9924,3.984,71.3367,2015-09-30,396133184.0,-26.2099990845,-0.1609999985,6,6,5,7,6,7,8
000066.SZ,758.615,11.4958,285.1021,2015-09-30,19099908096.0,-398.0700073242,0.2380000055,10,10,10,7,1,10,4
000068.SZ,-100.1875,17.3643,101.6738,2015-09-30,15209591.0,50.4599990845,-0.0439999998,1,10,7,7,10,3,7
000069.SZ,12.466,1.8413,532.9894,2015-09-30,7275276288.0,-11.4600000381,1.1740000248,3,2,10,7,1,6,1
000078.SZ,414.5737,6.4399,107.76,2015-09-30,2825350912.0,548.0200195312,-0.7889999747,10,8,7,7,2,1,10
000088.SZ,39.4368,2.8334,146.8303,2015-09-30,63003920.0,7.5799999237,0.1819999963,6,4,8,7,9,5,4
000089.SZ,38.3293,1.387,137.6066,2015-09-30,741358656.0,76.2900009155,0.4219999909,6,1,8,8,5,2,3
000090.SZ,13.6238,2.0808,82.8244,2015-09-30,1067025792.0,90.2600021362,-1.3079999685,3,3,6,8,4,2,10
000400.SZ,21.8109,3.129,179.7848,2015-09-30,1247647360.0,-72.1500015259,0.1400000006,4,5,9,8,4,8,5
000401.SZ,29.568,0.9709,120.4685,2015-09-30,3409160704.0,-3011.4499511719,0.6439999938,5,1,7,8,2,10,2
000402.SZ,7.357,1.0338,251.369,2015-09-30,2558917632.0,74.5599975586,-4.251999855,3,1,9,8,2,2,10
000403.SZ,71.3953,11.1977,53.3434,2015-09-30,123990784.0,-43.5400009155,0.2790000141,8,10,4,8,9,8,4
000404.SZ,23.9126,1.8825,40.3489,2015-09-30,1485028992.0,12.9099998474,0.9110000134,5,2,2,8,3,4,2
000407.SZ,139.4527,2.9573,52.7127,2015-09-30,528647744.0,-48.25,0.0329999998,9,5,4,8,6,8,6
000408.SZ,-50.4405,24.2617,31.8909,2015-09-30,13141026.0,89.8799972534,0.0460000001,2,10,1,8,10,2,6
000409.SZ,-32.7101,3.499,34.4605,2015-09-30,538125248.0,5.2800002098,-0.2290000021,2,6,2,8,6,5,9
000410.SZ,-58.8708,6.0768,147.5062,2015-09-30,1324194560.0,-2891.1999511719,-2.5499999523,2,8,8,8,4,10,10
000411.SZ,53.335,5.5864,35.9926,2015-09-30,3943564032.0,5.6500000954,-3.746999979,7,8,2,8,2,5,10
000413.SZ,22.5006,3.0863,203.9153,2015-09-30,860590464.0,30.6599998474,0.3429999948,4,5,9,8,4,3,3
000415.SZ,23.5786,2.4799,255.1448,2015-09-30,2497679104.0,38.7799987793,1.8409999609,5,4,9,8,2,3,1
000416.SZ,37.1084,4.6855,40.9009,2015-09-30,90629240.0,-195.8800048828,-0.0480000004,6,7,3,8,9,9,7
000417.SZ,21.2445,2.036,66.9921,2015-09-30,2063732736.0,-24.6700000763,0.3610000014,4,3,5,8,3,7,3
000419.SZ,24.7791,2.0022,37.6159,2015-09-30,963952768.0,8.220000267,-0.1169999987,5,3,2,8,4,5,8
000420.SZ,-46.6735,4.2565,42.2796,2015-09-30,229320016.0,-91.1600036621,-0.0109999999,2,7,3,8,8,9,7
000421.SZ,44.0645,1.9977,43.4066,2015-09-30,842683712.0,-35.8100013733,0.5960000157,6,3,3,8,4,7,2
000422.SZ,248.3625,0.9559,58.7205,2015-09-30,5162868224.0,86.2200012207,3.9749999046,10,1,5,8,1,2,1
000423.SZ,18.6766,4.2292,283.1913,2015-09-30,1237582080.0,22.3899993896,0.25,4,7,9,8,4,4,4
000425.SZ,-73.3565,1.4252,302.4991,2015-09-30,3546854144.0,-98.6900024414,0.0340000018,2,1,10,8,2,9,6
000426.SZ,132.1888,2.3241,63.9925,2015-09-30,180641648.0,-87.1699981689,-0.0240000002,9,3,5,8,8,9,7
000428.SZ,-413.7502,3.418,54.207,2015-09-30,287774528.0,347.200012207,0.3030000031,1,6,4,8,7,1,3
000429.SZ,18.8019,1.3375,70.0215,2015-09-30,410958624.0,30.6599998474,0.6470000148,4,1,5,8,6,4,2
000430.SZ,37.9061,6.2788,33.9444,2015-09-30,263203520.0,101.6500015259,0.5720000267,6,8,2,8,7,2,3
000498.SZ,20.2948,2.4776,68.6645,2015-09-30,1670612480.0,45.6800003052,-0.174999997,4,4,5,8,3,3,8
000501.SZ,12.3298,2.3511,89.564,2015-09-30,3885956096.0,14.1400003433,1.0230000019,3,3,6,7,2,4,1
000502.SZ,-1284.9148,16.9575,33.6557,2015-09-30,3216089.5,-161.1799926758,0.0719999969,1,10,2,7,10,9,5
000503.SZ,-812.731,17.9253,230.9074,2015-09-30,38039148.0,-4103.7099609375,-0.1700000018,1,10,9,7,10,10,8
000504.SZ,-182.9736,-1691.835,44.742,2015-09-30,4356273.5,21.2800006866,-0.0460000001,1,1,3,7,10,4,7
000505.SZ,-41.833,-35.6629,31.4085,2015-09-30,52075048.0,71.2300033569,0.349999994,2,1,1,7,10,3,3
000506.SZ,-67.5613,4.6938,65.9603,2015-09-30,77102328.0,79.4300003052,-0.0890000015,2,7,5,7,9,2,8
000507.SZ,51.2833,1.9376,48.162,2015-09-30,582501312.0,286.7099914551,0.2779999971,7,2,3,8,5,1,4
000509.SZ,-106.1183,226.0422,49.4464,2015-09-30,39059224.0,-328.0,-0.0500000007,1,10,4,8,10,10,7
000510.SZ,-28.7945,7.0919,47.0898,2015-09-30,428159680.0,-6.4800000191,0.0040000002,2,9,3,8,6,6,6
000513.SZ,37.305,4.981,211.1043,2015-09-30,1771334272.0,17.0400009155,1.442999959,6,7,9,8,3,4,1
000514.SZ,-523.2306,1.9971,55.0982,2015-09-30,414067488.0,-79.8199996948,-0.063000001,1,3,4,7,6,9,7
000516.SZ,34.081,3.9024,125.8318,2015-09-30,803929920.0,-11.0799999237,0.0949999988,6,6,7,8,5,6,5
000517.SZ,127.9427,3.8395,135.6351,2015-09-30,80110016.0,-91.1600036621,0.0270000007,9,6,8,8,9,9,6
000518.SZ,-387.299,7.2427,49.6246,2015-09-30,67145232.0,-116.1200027466,-0.1589999944,1,9,4,8,9,9,8
000519.SZ,55.1522,4.7006,191.8697,2015-09-30,380776224.0,-20.8600006104,-0.1150000021,7,7,9,8,7,7,8
000520.SZ,0.6054,10.5398,25.6057,2015-09-30,192330384.0,-97.5,-0.0140000004,3,9,1,8,8,9,7
000521.SZ,15.9886,1.3317,46.97,2015-09-30,1942291712.0,-32.3199996948,1.2829999924,4,1,3,8,3,7,1
000523.SZ,141.5305,5.8482,62.8592,2015-09-30,1880905472.0,13.6000003815,0.0320000015,9,8,5,8,3,4,6
000524.SZ,116.3099,8.2869,50.9414,2015-09-30,79520352.0,25.7999992371,0.1389999986,8,9,4,8,9,4,5
000525.SZ,21.8921,1.7677,68.9348,2015-09-30,935065024.0,-44.8699989319,1.5900000334,4,2,5,8,4,8,1
000526.SZ,783.0583,26.3705,41.816,2015-09-30,6266338.5,321.3900146484,0.0240000002,10,10,3,8,10,1,6
000528.SZ,68.8594,0.9592,86.081,2015-09-30,1358710656.0,-87.4599990845,0.1710000038,7,1,6,8,3,9,4
000529.SZ,52.8572,7.4477,82.3728,2015-09-30,463449472.0,6.0199999809,0.0759999976,7,9,6,7,6,5,5
000530.SZ,44.1552,1.7474,50.5311,2015-09-30,484517152.0,3.3199999332,-0.4589999914,6,2,4,7,6,5,9
000531.SZ,10.0061,1.7059,57.0674,2015-09-30,587280448.0,-30.1800003052,0.2520000041,3,2,4,6,5,7,4
000532.SZ,143.4354,7.025,48.6383,2015-09-30,51748344.0,21.5200004578,0.0450000018,9,9,3,7,10,4,6
000533.SZ,27.957,3.1925,42.8997,2015-09-30,995159616.0,27.1800003052,0.5490000248,5,5,3,6,4,4,3
000534.SZ,111.727,3.6413,46.4737,2015-09-30,190476896.0,-3.8299999237,0.1389999986,8,6,3,6,8,6,5
000536.SZ,69.7935,3.0153,84.6885,2015-09-30,1453480064.0,-69.1299972534,1.4170000553,8,5,6,6,3,8,1
000537.SZ,20.2104,2.0146,38.2487,2015-09-30,359782560.0,-48.1699981689,-3.7449998856,4,3,2,6,7,8,10
000538.SZ,26.1306,5.5288,687.5321,2015-09-30,5145199616.0,10.1499996185,1.8400000334,5,8,10,6,1,5,1
000539.SZ,12.135,1.6726,373.8202,2015-09-30,6776239616.0,4.6100001335,1.6360000372,3,2,10,6,1,5,1
000540.SZ,15.2784,3.7499,316.0379,2015-09-30,3128890368.0,47.5099983215,-0.4609999955,4,6,10,6,2,3,9
000541.SZ,72.9905,2.994,129.5031,2015-09-30,708115200.0,-75.5800018311,0.1159999967,8,5,8,6,5,8,5
000543.SZ,11.6793,1.3899,135.8595,2015-09-30,2870291712.0,33.4500007629,2.7230000496,3,1,8,6,2,3,1
000544.SZ,60.6904,4.4765,40.9579,2015-09-30,77154040.0,78.75,1.3890000582,7,7,3,6,9,2,1
000545.SZ,86.6231,4.3819,74.0125,2015-09-30,156728784.0,176.2799987793,0.0130000003,8,7,6,6,8,1,6
000546.SZ,84.5034,2.9644,48.5933,2015-09-30,651024896.0,-24.4500007629,0.0350000001,8,5,3,6,5,7,6
000547.SZ,73.3944,4.6248,209.5836,2015-09-30,247241968.0,74.9499969482,-0.0869999975,8,7,9,6,7,2,8
000548.SZ,313.9811,2.6053,38.2399,2015-09-30,40932516.0,-62.5099983215,0.2240000069,10,4,2,6,10,8,4
000550.SZ,11.2665,2.1042,228.1475,2015-09-30,4976887808.0,0.6200000048,-0.2689999938,3,3,9,6,1,6,9
000551.SZ,131.1879,2.6992,35.2871,2015-09-30,515084064.0,-9.4099998474,0.1560000032,9,4,2,6,6,6,5
000552.SZ,33.3703,1.481,91.0214,2015-09-30,656423360.0,-39.3199996948,-1.0319999456,6,1,6,6,5,8,10
000553.SZ,19.7948,3.0684,63.5498,2015-09-30,558298624.0,-65.6900024414,0.0909999982,4,5,5,6,5,8,5
000554.SZ,884.2989,4.9481,45.3388,2015-09-30,705741056.0,-49.4900016785,-0.001,10,7,3,6,5,8,7
000555.SZ,82.2811,7.7477,233.5831,2015-09-30,1657259520.0,40.75,-0.5720000267,8,9,9,6,3,3,10
000557.SZ,-2703.4845,32.5848,45.8338,2015-09-30,2151049.0,-97.2799987793,-0.0160000008,1,10,3,6,10,9,7
000558.SZ,-1940.8155,9.5956,153.6755,2015-09-30,546803136.0,-230.4799957275,-0.1309999973,1,9,8,6,6,9,8
000559.SZ,60.7867,12.688,489.1447,2015-09-30,1965269120.0,11.6700000763,0.3740000129,7,10,10,6,3,5,3
000560.SZ,506.8018,2.3947,85.0762,2015-09-30,293632096.0,-74.8700027466,-0.0299999993,10,4,6,6,7,8,7
000561.SZ,132.2631,5.2584,49.8722,2015-09-30,157817072.0,4.0399999619,-0.2160000056,9,8,4,6,8,5,9
000563.SZ,25.9393,2.4946,108.9557,2015-09-30,200495232.0,40.3100013733,0.0769999996,5,4,7,6,8,3,5
000564.SZ,93.1459,1.8588,56.9212,2015-09-30,2150845952.0,-34.3199996948,0.3950000107,8,2,4,6,3,7,3
000565.SZ,26.384,5.6603,43.2291,2015-09-30,131272960.0,293.6600036621,-0.1030000001,5,8,3,6,8,1,8
000566.SZ,149.9962,12.3938,272.5066,2015-09-30,388812224.0,37.3199996948,-0.0359999985,9,10,9,6,6,3,7
000567.SZ,162.4094,10.9532,22.937,2015-09-30,3186031.5,64.9899978638,0.001,9,10,1,6,10,3,7
000568.SZ,31.4547,3.3698,296.5764,2015-09-30,1317545088.0,6.0900001526,0.0289999992,5,6,10,6,4,5,6
000570.SZ,79.4687,2.5274,53.6112,2015-09-30,815273280.0,44.4799995422,0.1700000018,8,4,4,6,5,3,5
000571.SZ,54.4108,1.8419,40.9474,2015-09-30,252194688.0,-8.1300001144,-0.2099999934,7,2,3,6,7,6,9
000572.SZ,34.5318,1.3147,97.3625,2015-09-30,1858844160.0,-29.8999996185,0.275000006,6,1,7,6,3,7,4
000573.SZ,-110.029,2.0645,32.4456,2015-09-30,51314188.0,-316.549987793,0.0729999989,1,3,2,6,10,10,5
000576.SZ,-307.8277,6.3057,62.7977,2015-09-30,118290160.0,1290.75,-0.1480000019,1,8,5,6,9,1,8
000581.SZ,12.6983,1.9067,221.5655,2015-09-30,1109803392.0,4.3899998665,0.5820000172,3,2,9,6,4,5,2
000582.SZ,29.7082,2.8072,160.0889,2015-09-30,759883968.0,-29.0599994659,0.4850000143,5,4,8,6,5,7,3
000584.SZ,110.9987,3.6228,70.655,2015-09-30,182235504.0,-87.8000030518,0.1840000004,8,6,5,6,8,9,4
000585.SZ,798.45,17.9222,51.0048,2015-09-30,39015096.0,-3.9900000095,-0.0379999988,10,10,4,6,10,6,7
000586.SZ,666.2317,17.8907,38.0883,2015-09-30,107427576.0,503.7099914551,-0.2479999959,10,10,2,6,9,1,9
000587.SZ,77.5936,8.2131,113.0984,2015-09-30,2223380224.0,6.7699999809,-0.2370000035,8,9,7,6,2,5,9
000589.SZ,32.5266,1.2179,46.3728,2015-09-30,1392254080.0,-37.9700012207,2.2379999161,5,1,3,6,3,8,1
000590.SZ,-59.6233,23.1957,45.5819,2015-09-30,65547076.0,2226.5600585938,0.057,2,10,3,6,9,1,6
000591.SZ,1136.0184,10.886,45.2866,2015-09-30,1169878144.0,180.3699951172,0.0649999976,10,10,3,6,4,1,5
000592.SZ,169.7691,10.3433,120.925,2015-09-30,205660096.0,-37.8600006104,-0.0590000004,9,9,7,6,8,8,7
000593.SZ,109.8021,3.6515,24.1029,2015-09-30,94068432.0,24.4799995422,0.0890000015,8,6,1,6,9,4,5
000595.SZ,448.8013,5.0083,41.974,2015-09-30,104326872.0,-23.9099998474,-0.1669999957,10,7,3,6,9,7,8
000596.SZ,23.0615,3.1646,142.9217,2015-09-30,1301371776.0,8.7399997711,1.3259999752,5,5,8,6,4,5,1
000597.SZ,-47.7521,1.434,36.9756,2015-09-30,871420352.0,-478.9599914551,-0.3300000131,2,1,2,6,4,10,9
000598.SZ,22.5912,2.2696,177.3814,2015-09-30,793326784.0,5.7600002289,0.2960000038,4,3,9,6,5,5,4
000599.SZ,73.6304,1.7192,43.2405,2015-09-30,641460096.0,2.5599999428,0.25,8,2,3,6,5,5,4
000600.SZ,7.3305,1.6586,159.8131,2015-09-30,2360073472.0,10.3999996185,1.6460000277,3,2,8,6,2,5,1
000601.SZ,63.0774,3.5761,136.1495,2015-09-30,810244480.0,-9.4600000381,0.5500000119,7,6,8,7,5,6,3
000603.SZ,28.7597,9.8727,82.3132,2015-09-30,194448496.0,26.5100002289,0.4169999957,5,9,6,7,8,4,3
000605.SZ,74.2527,3.258,31.5886,2015-09-30,222647104.0,19.25,0.7239999771,8,5,1,7,8,4,2
000606.SZ,-27.1252,4.7169,36.9193,2015-09-30,61389420.0,18.6200008392,0.0450000018,2,7,2,7,9,4,6
000607.SZ,44.3282,6.6418,88.5398,2015-09-30,377728608.0,15.1700000763,-0.1299999952,6,9,6,7,7,4,8
000608.SZ,-5.645,1.0731,35.1709,2015-09-30,111721000.0,1.1699999571,0.003,3,1,2,7,9,6,6
000609.SZ,33.4174,3.2331,41.2862,2015-09-30,16245761.0,-75.0299987793,0.050999999,6,5,3,7,10,8,6
000610.SZ,-154.0179,3.4007,26.0896,2015-09-30,230225008.0,4.6900000572,0.1080000028,1,6,1,7,8,5,5
000611.SZ,-37.0789,4.3864,22.8815,2015-09-30,5045861.0,-38.4900016785,-0.0020000001,2,7,1,7,10,8,7
000612.SZ,23.0437,1.4063,68.5621,2015-09-30,1179548160.0,-88.3000030518,0.0099999998,4,1,5,6,4,9,6
000613.SZ,-89157.2244,44.0389,35.6818,2015-09-30,2839915.0,-271.200012207,-0.001,1,10,2,7,10,10,7
000615.SZ,19.8147,3.1203,23.4962,2015-09-30,1473230080.0,96.8700027466,2.2379999161,4,5,1,7,3,2,1
000616.SZ,379.7877,2.2666,97.542,2015-09-30,208327360.0,-68.0299987793,0.0049999999,10,3,7,7,8,8,6
000617.SZ,-44.9785,6.0091,36.4025,2015-09-30,122871576.0,49.7599983215,-0.1819999963,2,8,2,7,9,3,9
000619.SZ,42.4305,1.5693,37.26,2015-09-30,978843136.0,-27.9300003052,0.8880000114,6,2,2,7,4,7,2
000620.SZ,58.6012,3.1428,176.7715,2015-09-30,1107186944.0,-42.0800018311,-0.7450000048,7,5,8,7,4,8,10
000622.SZ,-114.3535,26.0016,48.1356,2015-09-30,14722266.0,-39.0099983215,-0.0309999995,1,10,3,7,10,8,7
000623.SZ,8.5666,1.2614,216.7224,2015-09-30,507967872.0,120.7699966431,0.2339999974,3,1,9,7,6,2,4
000625.SZ,8.128,2.4844,733.0057,2015-09-30,15055000576.0,23.6200008392,1.7250000238,3,4,10,7,1,4,1
000626.SZ,21.9271,10.3174,87.5408,2015-09-30,14620123136.0,122.8899993896,-2.9210000038,4,9,6,7,1,2,10
000627.SZ,-78.171,7.26,102.4668,2015-09-30,93883544.0,-138.0299987793,-0.023,2,9,7,7,9,9,7
000628.SZ,-83.1311,5.6077,35.9759,2015-09-30,471939680.0,-27.5699996948,-0.4189999998,2,8,2,7,6,7,9
000629.SZ,-6.2405,2.6063,261.1283,2015-09-30,2652880128.0,-1211.1700439453,0.0199999996,3,4,9,6,2,10,6
000630.SZ,86.5183,2.1694,320.2816,2015-09-30,22197276672.0,-30.7399997711,0.6129999757,8,3,10,6,1,7,2
000631.SZ,15.7943,2.554,92.9458,2015-09-30,761431552.0,0.0900000036,0.8880000114,4,4,6,6,5,6,2
000632.SZ,382.7874,2.842,35.845,2015-09-30,1350367104.0,-81.9300003052,0.5609999895,10,4,2,6,3,9,3
000633.SZ,-176.8491,26.9171,49.5632,2015-09-30,7002954.0,9.7100000381,0.0860000029,1,10,4,6,10,5,5
000635.SZ,518.8368,1.1052,30.8543,2015-09-30,458852832.0,-67.5199966431,0.0320000015,10,1,1,6,6,8,6
000636.SZ,69.0673,1.6569,66.2818,2015-09-30,479267712.0,-12.6800003052,-0.1150000021,7,2,5,6,6,6,8
000637.SZ,39.0834,4.0237,32.9081,2015-09-30,773668672.0,4.1900000572,0.2960000038,6,6,2,6,5,5,4
000638.SZ,-370.4569,13.4282,30.2903,2015-09-30,51471436.0,-442.0,-0.75,1,10,1,6,10,10,10
000639.SZ,39.0234,4.2764,54.9903,2015-09-30,650577728.0,35.8499984741,-0.0790000036,6,7,4,6,5,3,8
000650.SZ,32.7663,5.1562,111.8221,2015-09-30,633260096.0,32.3400001526,0.25,6,8,7,6,5,3,4
000651.SZ,7.1512,2.4625,1012.4475,2015-09-30,31411681280.0,1.2699999809,6.1459999084,3,4,10,6,1,6,1
000652.SZ,30.3497,3.6137,86.6162,2015-09-30,3581734400.0,249.5299987793,-0.0329999998,5,6,6,6,2,1,7
000655.SZ,50.1916,1.4015,43.7575,2015-09-30,198127008.0,-141.9799957275,0.0970000029,7,1,3,6,8,9,5
000656.SZ,21.1036,1.8185,195.2013,2015-09-30,4541234176.0,20.8999996185,-0.3330000043,4,2,9,6,2,4,9
000657.SZ,115.799,3.0202,100.6476,2015-09-30,990319168.0,-23.8899993896,0.5730000138,8,5,7,6,4,7,3
000659.SZ,-104.9981,4.2897,48.0853,2015-09-30,529470272.0,-107.3899993896,0.2269999981,1,7,3,6,6,9,4
000661.SZ,34.1867,8.3614,132.5085,2015-09-30,643252864.0,75.3099975586,4.1139998436,6,9,8,6,5,2,1
000662.SZ,80.1367,5.9196,33.8963,2015-09-30,108789576.0,99.0500030518,0.0430000015,8,8,2,6,9,2,6
000663.SZ,-504.8459,3.0907,48.5354,2015-09-30,176003856.0,214.4700012207,0.0399999991,1,5,3,6,8,1,6
000665.SZ,31.87,1.9944,103.5126,2015-09-30,522342016.0,56.9000015259,1.0989999771,5,3,7,6,6,3,1
000666.SZ,19.3411,2.0855,123.0115,2015-09-30,1206887680.0,40.3100013733,3.1879999638,4,3,7,6,4,3,1
000667.SZ,163.3776,2.1411,117.4853,2015-09-30,1132075008.0,473.200012207,-0.0719999969,9,3,7,6,4,1,8
000668.SZ,-179.9957,8.2455,51.0863,2015-09-30,2523206.25,80.9100036621,-0.8590000272,1,9,4,6,10,2,10
000669.SZ,32.3525,2.3537,95.7432,2015-09-30,628914944.0,-7.6900000572,0.3700000048,5,3,6,6,5,6,3
000670.SZ,-316.2742,14.9202,77.008,2015-09-30,82075968.0,-82.3499984741,-0.0070000002,1,10,6,8,9,9,7
000671.SZ,13.2383,2.9292,193.2082,2015-09-30,3621639680.0,0.8199999928,-0.7149999738,3,5,9,7,2,6,10
000672.SZ,32.4692,3.9756,71.1917,2015-09-30,582809600.0,-88.0199966431,0.2119999975,5,6,5,8,5,9,4
000673.SZ,311.668,3.6047,72.1695,2015-09-30,116247696.0,2098.1101074219,-1.0809999704,10,6,5,9,9,1,10
000676.SZ,-35.2493,21.2182,25.6703,2015-09-30,81633648.0,23.4799995422,0.3319999874,2,10,1,10,9,4,3
000677.SZ,-11.1017,133.4842,46.2228,2015-09-30,608316224.0,4.8099999428,0.0419999994,3,10,3,10,5,5,6
000678.SZ,-132.4598,2.7109,28.6625,2015-09-30,259841152.0,-301.8200073242,-0.2800000012,1,4,1,10,7,10,9
000679.SZ,50.0658,3.6616,58.5565,2015-09-30,643935552.0,-5.1900000572,-1.1699999571,7,6,4,10,5,6,10
000680.SZ,-20.265,1.7108,64.3969,2015-09-30,781642752.0,-885.2399902344,0.1439999938,2,2,5,10,5,10,5
000681.SZ,130.2746,9.6656,190.3469,2015-09-30,90862888.0,28.3400001526,0.1010000035,9,9,9,10,9,4,5
000682.SZ,109.6273,3.5961,53.3099,2015-09-30,494042528.0,21.2299995422,-0.1819999963,8,6,4,10,6,4,9
000683.SZ,49.8541,1.2423,75.6022,2015-09-30,1790355328.0,-57.5,0.5,7,1,6,10,3,8,3
000685.SZ,11.6314,1.7296,163.2899,2015-09-30,334356960.0,136.3000030518,0.2049999982,3,2,8,10,7,2,4
000686.SZ,8.731,2.1379,223.3126,2015-09-30,987912192.0,270.6499938965,-2.1089999676,3,3,9,10,4,1,10
000687.SZ,125.3314,6.8297,95.4284,2015-09-30,259278336.0,131.9600067139,-0.6529999971,9,9,6,10,7,2,10
000688.SZ,59.8971,14.8549,194.137,2015-09-30,187884192.0,-31.1499996185,0.1199999973,7,10,9,10,8,7,5
000690.SZ,14.6844,2.5757,126.5607,2015-09-30,898483136.0,-39.2099990845,0.5460000038,4,4,8,10,4,8,3
000691.SZ,-86.3944,16.4485,20.657,2015-09-30,15492239.0,42.3300018311,-0.0049999999,2,10,1,10,10,3,7
000692.SZ,72.2454,2.3349,31.2773,2015-09-30,33067652.0,7.1700000763,-1.0920000076,8,3,1,10,10,5,10
000695.SZ,595.0174,9.8537,31.1895,2015-09-30,94864392.0,21.2800006866,0.2560000122,10,9,1,10,9,4,4
000697.SZ,123.7432,7.145,102.5334,2015-09-30,71893800.0,5.1100001335,-0.0299999993,9,9,7,10,9,5,7
000698.SZ,227.5515,1.1763,36.2189,2015-09-30,3491441920.0,486.4700012207,0.2129999995,9,1,2,10,2,1,4
000700.SZ,17.0729,2.3697,54.4719,2015-09-30,725953408.0,27.7399997711,0.6119999886,4,3,4,10,5,4,2
000701.SZ,21.9304,2.1994,40.6636,2015-09-30,7891249152.0,-2.2400000095,-10.904999733,4,3,3,10,1,6,10
000702.SZ,119.9873,6.3115,29.5964,2015-09-30,402467776.0,-28.4599990845,0.1030000001,8,8,1,10,6,7,5
000703.SZ,-48.284,1.6894,87.8627,2015-09-30,7432777216.0,-19.8999996185,1.5089999437,2,2,6,10,1,7,1
000705.SZ,307.9044,3.156,38.8251,2015-09-30,524285760.0,-81.0,0.0379999988,10,5,2,10,6,9,6
000707.SZ,1007.5137,3.7575,53.8873,2015-09-30,991402304.0,-11.470000267,0.1529999971,10,6,4,10,4,6,5
000708.SZ,22.7323,1.8583,62.5577,2015-09-30,1352375296.0,-8.8900003433,0.7120000124,4,2,5,9,3,6,2
000709.SZ,47.2601,0.7852,340.8573,2015-09-30,18761736192.0,1.4199999571,0.97299999,7,1,10,10,1,6,2
000710.SZ,565.796,30.0482,37.6186,2015-09-30,41051088.0,-7.75,-0.4769999981,10,10,2,9,10,6,9
000711.SZ,-6.2687,-13.1681,36.4113,2015-09-30,13741152.0,-1598.5699462891,-0.0179999992,3,1,2,9,10,10,7
000712.SZ,26.3203,6.5088,194.88,2015-09-30,6035411.0,145.4700012207,3.635999918,5,8,9,9,10,2,1
000713.SZ,52.2593,2.1045,28.4829,2015-09-30,109504856.0,-86.2200012207,0.1580000073,7,3,1,9,9,9,5
000715.SZ,33.5241,2.2398,25.1663,2015-09-30,612261504.0,-25.0200004578,0.1180000007,6,3,1,9,5,7,5
000716.SZ,51.9833,2.1799,36.3775,2015-09-30,319974528.0,63.2200012207,-0.174999997,7,3,2,9,7,3,8
000717.SZ,-9.0633,6.7521,138.8807,2015-09-30,2983174912.0,-106.5699996948,0.064000003,3,9,8,9,2,9,6
000718.SZ,17.7247,3.8294,183.2744,2015-09-30,1469652864.0,2010.9599609375,0.6380000114,4,6,9,9,3,1,2
000719.SZ,20.5502,2.4923,144.193,2015-09-30,1445445632.0,12.5699996948,0.1369999945,4,4,8,9,3,5,5
000720.SZ,58.88,6.7682,62.5145,2015-09-30,942463744.0,32.5200004578,0.6930000186,7,9,5,9,4,3,2
000721.SZ,695.7381,4.7824,32.9377,2015-09-30,128454432.0,-281.7699890137,-0.0250000004,10,7,2,9,9,10,7
000722.SZ,44.8642,2.7561,69.3452,2015-09-30,77298344.0,-29.0100002289,0.2370000035,6,4,5,9,9,7,4
000723.SZ,-194.8853,5.2394,22.7826,2015-09-30,149879440.0,-1277.9699707031,-0.0560000017,1,8,1,9,8,10,7
000727.SZ,-18288.4725,1.6522,177.3325,2015-09-30,263579248.0,-424.0700073242,0.6660000086,1,2,9,9,7,10,2
000728.SZ,12.1616,1.6884,322.5052,2015-09-30,949332736.0,137.2700042725,4.5739998817,3,2,10,9,4,2,1
000729.SZ,29.3008,1.709,217.5912,2015-09-30,4410280448.0,-6.3899998665,0.8600000143,5,2,9,9,2,6,2
000731.SZ,-68.276,1.8399,49.8621,2015-09-30,1227204864.0,125.1800003052,0.1030000001,2,2,4,10,4,2,5
000732.SZ,27.8262,2.6676,257.6013,2015-09-30,2378219264.0,33.1699981689,1.8270000219,5,4,9,10,2,3,1
000733.SZ,63.2653,2.5321,86.5467,2015-09-30,1674088960.0,26.9500007629,-0.2360000014,7,4,6,10,3,4,9
000735.SZ,188.3173,3.3648,55.9764,2015-09-30,147073888.0,-19.4899997711,0.0700000003,9,5,4,10,8,7,5
000736.SZ,304.9339,2.4464,41.6666,2015-09-30,71930576.0,-78.0500030518,-0.0299999993,10,4,3,10,9,9,7
000737.SZ,128.9442,9.71,26.0112,2015-09-30,502688000.0,3.4100000858,0.1879999936,9,9,1,10,6,5,4
000738.SZ,142.8744,5.568,258.8006,2015-09-30,591539072.0,-1.8200000525,0.0450000018,9,8,9,10,5,6,6
000739.SZ,33.7684,3.2683,79.7074,2015-09-30,1105681664.0,-33.5999984741,0.1920000017,6,5,6,10,4,7,4
000750.SZ,18.0958,2.2549,279.912,2015-09-30,1070606720.0,203.0099945068,-1.5549999475,4,3,9,10,4,1,10
000751.SZ,76.3032,3.5283,69.9295,2015-09-30,1001461760.0,20.7399997711,-0.0500000007,8,6,5,10,4,4,7
000752.SZ,120.0675,4.1769,32.8907,2015-09-30,102310008.0,6.4499998093,0.3540000021,9,7,2,10,9,5,3
000753.SZ,472.0075,3.2823,46.9482,2015-09-30,717407616.0,-270.6199951172,0.0189999994,10,5,3,10,5,10,6
000755.SZ,-19.9027,2.6796,39.7936,2015-09-30,1334704768.0,-2242.9399414062,-0.1360000074,2,4,2,10,4,10,8
000756.SZ,151.5695,3.017,55.472,2015-09-30,824916544.0,28.0100002289,0.4420000017,9,5,4,10,5,4,3
000757.SZ,154.9668,7.3687,40.4201,2015-09-30,101919368.0,28.1800003052,0.0020000001,9,9,2,10,9,4,7
000758.SZ,31.3764,2.7635,129.979,2015-09-30,5079990272.0,294.6499938965,-0.5360000134,5,4,8,10,1,1,10
000759.SZ,43.7827,1.5714,46.9905,2015-09-30,3783122432.0,-159.3699951172,0.4850000143,6,2,3,10,2,9,3
000760.SZ,-151.7773,3.7991,58.0427,2015-09-30,51338544.0,-16877.740234375,-0.1509999931,1,6,4,10,10,10,8
000761.SZ,85.565,1.0408,159.936,2015-09-30,5018448896.0,-19.1800003052,-0.4469999969,8,1,8,10,1,7,9
000762.SZ,-105.5852,3.8822,63.3047,2015-09-30,236971536.0,228.2799987793,0.174999997,1,6,5,10,8,1,4
000766.SZ,976.1034,3.4742,43.3558,2015-09-30,51527472.0,16.7099990845,-0.1770000011,10,6,3,10,10,4,8
000767.SZ,16.6837,2.1049,120.8003,2015-09-30,2339726848.0,68.4100036621,0.6499999762,4,3,7,10,2,3,2
000768.SZ,198.652,4.3257,640.6645,2015-09-30,7190576128.0,-362.2699890137,0.0579999983,9,7,10,10,1,10,6
000776.SZ,8.9156,1.4437,1047.8997,2015-09-30,6642371584.0,241.5800018311,4.7779998779,3,1,10,10,1,1,1
000777.SZ,175.9954,11.4142,124.2656,2015-09-30,242322400.0,-2.2400000095,-0.0979999974,9,10,7,10,7,6,8
000778.SZ,38.1462,1.5259,257.9462,2015-09-30,10774218752.0,-56.3499984741,0.3670000136,6,2,9,10,1,8,3
000779.SZ,350.1611,9.466,25.3187,2015-09-30,58975092.0,-479.8699951172,-0.1599999964,10,9,1,10,9,10,8
000780.SZ,378.6267,1.1244,52.6425,2015-09-30,465567776.0,-4481.41015625,-0.1480000019,10,1,4,10,6,10,8
000782.SZ,-84.384,6.2116,81.3863,2015-09-30,743161408.0,309.8500061035,-0.2269999981,2,8,6,10,5,1,9
000783.SZ,12.985,2.8541,453.3799,2015-09-30,2116276992.0,159.3800048828,3.4619998932,3,4,10,10,3,1,1
000785.SZ,116.4496,2.7696,23.3887,2015-09-30,976874624.0,-70.1500015259,0.2109999955,8,4,1,10,4,8,4
000786.SZ,24.5586,3.6036,262.7178,2015-09-30,1975506176.0,-12.5900001526,0.6420000196,5,6,9,10,3,6,2
000788.SZ,-32.7087,6.2724,61.9827,2015-09-30,687193024.0,-431.5,-0.0099999998,2,8,5,10,5,10,7
000789.SZ,9.8902,1.5745,39.1326,2015-09-30,1407490944.0,-61.9399986267,0.6949999928,3,2,2,10,3,8,2
000790.SZ,71.7105,6.5169,40.7315,2015-09-30,76263064.0,-457.6499938965,-0.1909999996,8,8,3,10,9,10,9
000791.SZ,80.3182,2.8502,100.9577,2015-09-30,502417600.0,-41.3199996948,0.9110000134,8,4,7,10,6,8,2
000792.SZ,22.4958,1.5535,277.5439,2015-09-30,3368455424.0,-16.9200000763,0.0250000004,4,2,9,10,2,7,6
000793.SZ,26.9171,2.5338,207.7895,2015-09-30,921473344.0,-36.5400009155,0.0500000007,5,4,9,10,4,8,6
000795.SZ,-217.4313,3.2555,53.294,2015-09-30,495186592.0,-298.8399963379,-0.5500000119,1,5,4,10,6,10,10
000796.SZ,152.6432,11.0811,61.7588,2015-09-30,3420774912.0,87.0299987793,0.300999999,9,10,5,10,2,2,3
000797.SZ,43.612,5.5606,62.6629,2015-09-30,512570880.0,5.5399999619,-0.8560000062,6,8,5,10,6,5,10
000798.SZ,76.7893,4.0187,34.0539,2015-09-30,132049144.0,-24.7900009155,0.001,8,6,2,10,8,7,7
000799.SZ,-499.5645,3.9521,67.4877,2015-09-30,127460520.0,180.25,0.6039999723,1,6,5,10,9,1,2
000800.SZ,2539.9076,2.7599,245.5898,2015-09-30,5376572416.0,-91.0400009155,0.1480000019,10,4,9,10,1,9,5
000801.SZ,141.4414,6.153,126.6746,2015-09-30,802897216.0,14.9799995422,0.0329999998,9,8,8,10,5,4,6
000802.SZ,118.2152,9.8744,90.8936,2015-09-30,99172960.0,-81.5599975586,0.1599999964,8,9,6,10,9,9,5
000803.SZ,-409.1939,13.8443,19.926,2015-09-30,30265370.0,-543.6400146484,-0.1809999943,1,10,1,10,10,10,8
000806.SZ,212.7546,14.6409,295.8763,2015-09-30,237040640.0,1371.4399414062,-0.2430000007,9,10,10,10,8,1,9
000807.SZ,-34.2648,1.4995,84.6781,2015-09-30,4436054016.0,70.3499984741,0.6660000086,2,1,6,10,2,3,2
000809.SZ,-72.7639,1.0886,36.7857,2015-09-30,10757157.0,-4357.919921875,-0.2230000049,2,1,2,10,10,10,9
000810.SZ,32.5285,5.8813,119.9202,2015-09-30,913570560.0,-15.8400001526,-0.0199999996,5,8,7,10,4,6,7
000811.SZ,14.5303,2.4118,49.0226,2015-09-30,1226336768.0,64.25,0.1550000012,4,4,4,10,4,3,5
000812.SZ,141.3663,9.7457,85.2251,2015-09-30,127477832.0,-57.9500007629,0.3300000131,9,9,6,10,9,8,3
000813.SZ,460.3183,4.9489,52.5932,2015-09-30,154344752.0,-83.3099975586,0.1850000024,10,7,4,10,8,9,4
000815.SZ,-8.4203,-17.5189,55.7568,2015-09-30,135940752.0,50.4799995422,-0.0049999999,3,1,4,10,8,3,7
000816.SZ,227.0334,2.9734,100.735,2015-09-30,528872384.0,-67.2900009155,0.0120000001,9,5,7,10,6,8,6
000818.SZ,45.2816,2.2032,44.54,2015-09-30,636087360.0,38.8800010681,0.2969999909,6,3,3,10,5,3,4
000819.SZ,105.7967,9.3044,60.7404,2015-09-30,342076384.0,39.3499984741,0.1659999937,8,9,5,10,7,3,5
000820.SZ,-693.5324,13.2123,32.7844,2015-09-30,34019808.0,-1832.6500244141,0.0270000007,1,10,2,10,10,10,6
000821.SZ,114.0532,3.4978,57.1846,2015-09-30,229290896.0,943.5200195312,0.1570000052,8,6,4,9,8,1,5
000822.SZ,23.2184,2.3543,52.5419,2015-09-30,847154112.0,29.4200000763,-0.0500000007,5,3,4,9,4,4,7
000823.SZ,32.4835,1.6009,45.6421,2015-09-30,901394048.0,-27.8099994659,0.4199999869,5,2,3,9,4,7,3
000825.SZ,195.5726,0.9459,236.9639,2015-09-30,16560717824.0,-238.8800048828,0.057,9,1,9,8,1,10,6
000826.SZ,34.5634,5.4302,300.9234,2015-09-30,1709942272.0,20.4099998474,-0.2980000079,6,8,10,8,3,4,9
000828.SZ,14.7319,2.6197,109.5651,2015-09-30,286341152.0,42.9799995422,-1.1569999456,4,4,7,8,7,3,10
000829.SZ,-14.0822,3.9723,84.2742,2015-09-30,9198274560.0,-129.7100067139,0.0989999995,2,6,6,8,1,9,5
000830.SZ,19.4052,1.4383,89.9425,2015-09-30,3171136768.0,15.9399995804,0.6800000072,4,1,6,8,2,4,2
000831.SZ,-1220.3042,5.9566,148.3104,2015-09-30,100826736.0,-1861.9799804688,0.0829999968,1,8,8,8,9,10,5
000833.SZ,111.3117,2.039,52.5984,2015-09-30,772342336.0,2.8399999142,0.1209999993,8,3,4,8,5,5,5
000835.SZ,-59.0103,10.0014,31.8196,2015-09-30,104397456.0,-89.7900009155,0.2150000036,2,9,1,8,9,9,4
000836.SZ,-58.3616,4.898,70.2918,2015-09-30,426145472.0,8.6400003433,0.3379999995,2,7,5,8,6,5,3
000837.SZ,-217.172,3.1303,92.9117,2015-09-30,607308672.0,-4590.1499023438,-0.3569999933,1,5,6,8,5,10,9
000838.SZ,57.5546,3.5178,53.5139,2015-09-30,84253960.0,82.0100021362,-0.6800000072,7,6,4,8,9,2,10
000839.SZ,125.5859,5.2025,366.4254,2015-09-30,557369600.0,167.6000061035,-0.050999999,9,8,10,8,6,1,7
000848.SZ,23.0546,6.85,100.7167,2015-09-30,558401792.0,0.4600000083,0.4959999919,5,9,7,9,5,6,3
000850.SZ,21.2606,1.7421,103.1426,2015-09-30,497354816.0,328.2399902344,0.0390000008,4,2,7,9,6,1,6
000851.SZ,116.4133,3.0523,79.0654,2015-09-30,1792931712.0,59.4799995422,0.074000001,8,5,6,9,3,3,5
000852.SZ,12247.6564,2.6799,68.236,2015-09-30,1050185792.0,-128.3999938965,-0.224999994,10,4,5,9,4,9,9
000856.SZ,-14.5963,5.4398,19.7944,2015-09-30,263099712.0,-236.1799926758,-0.1350000054,2,8,1,9,7,10,8
000858.SZ,19.0367,2.4146,976.7022,2015-09-30,3915927296.0,-2.2200000286,1.5039999485,4,4,10,9,2,6,1
000859.SZ,-2384.5304,2.6582,36.6767,2015-09-30,267882672.0,-1738.6600341797,0.0209999997,1,4,2,9,7,10,6
000860.SZ,25.7586,1.7628,92.8921,2015-09-30,1786932352.0,1.9600000381,0.5460000038,5,2,6,9,3,5,3
000861.SZ,48.9249,4.6462,127.7922,2015-09-30,364349216.0,-5.6900000572,0.1070000008,7,7,8,9,7,6,5
000862.SZ,125.4473,2.2215,37.7518,2015-09-30,264391488.0,16.0200004578,1.2159999609,9,3,2,9,7,4,1
000863.SZ,48.1678,2.9694,94.5004,2015-09-30,149852784.0,-60.1100006104,-1.6330000162,7,5,6,9,8,8,10
000868.SZ,120.7505,4.0608,51.5414,2015-09-30,901616960.0,71.3000030518,-0.9200000167,9,6,4,8,4,3,10
000876.SZ,17.7693,2.1117,395.7739,2015-09-30,17083872256.0,12.8500003815,1.1619999409,4,3,10,8,1,4,1
000877.SZ,365.0297,0.9782,66.2716,2015-09-30,1836928512.0,-205.3399963379,0.326000005,10,1,5,8,3,9,3
000878.SZ,195.8642,2.7188,146.8806,2015-09-30,19370287104.0,-560.4699707031,0.9829999804,9,4,8,8,1,10,1
000880.SZ,115.5826,3.0959,39.51,2015-09-30,534499712.0,-41.5,0.6380000114,8,5,2,8,6,8,2
000881.SZ,-5.1143,4.9537,40.6228,2015-09-30,540162688.0,-1257.9699707031,0.2430000007,3,7,2,8,6,10,4
000882.SZ,266.6062,3.2812,194.7826,2015-09-30,363181248.0,381.5599975586,0.0280000009,10,5,9,8,7,1,6
000883.SZ,16.1551,2.0831,326.2737,2015-09-30,1655264896.0,56.9199981689,0.5580000281,4,3,10,8,3,3,3
000885.SZ,46.1307,3.4941,77.3448,2015-09-30,830118016.0,-28.0699996948,0.5680000186,6,6,6,8,5,7,3
000886.SZ,107.0417,1.6757,46.6727,2015-09-30,63117800.0,-4.7199997902,-0.0419999994,8,2,3,8,9,6,7
000887.SZ,41.3844,8.5024,276.0845,2015-09-30,1588002176.0,37.1599998474,0.6169999838,6,9,9,8,3,3,2
000888.SZ,29.5071,3.1746,56.2216,2015-09-30,371210176.0,0.1899999976,0.5550000072,5,5,4,8,7,6,3
000889.SZ,49.2603,2.8782,63.302,2015-09-30,501982208.0,48.1500015259,0.2800000012,7,5,5,8,6,3,4
000890.SZ,809.6636,3.0936,32.3075,2015-09-30,366397952.0,-27.4699993134,0.476000011,10,5,2,8,7,7,3
000892.SZ,-1626.4774,3750.8523,48.465,2015-09-30,0.0,-40.9599990845,-0.0040000002,1,10,3,8,10,8,7
000893.SZ,-49.7345,1.9468,81.6307,2015-09-30,2579578112.0,7.1700000763,0.8249999881,2,2,6,8,2,5,2
000895.SZ,15.618,4.1325,597.457,2015-09-30,11850490880.0,-1.3700000048,1.4060000181,4,7,10,8,1,6,1
000897.SZ,-96.7753,5.8197,78.9229,2015-09-30,522269728.0,-358.7300109863,0.0489999987,1,8,6,8,6,10,6
000898.SZ,69.4885,0.7322,351.6117,2015-09-30,12570999808.0,-196.2100067139,0.7070000172,7,1,10,8,1,9,2
000899.SZ,13.6408,2.8153,65.3145,2015-09-30,716672512.0,54.5,1.2480000257,3,4,5,8,5,3,1
000900.SZ,15.7204,1.1129,74.6772,2015-09-30,2157946624.0,14.0200004578,1.1289999485,4,1,6,8,3,4,1
000901.SZ,565.6746,12.7028,171.1325,2015-09-30,386609440.0,81.5400009155,-0.3000000119,10,10,8,8,7,2,9
000902.SZ,22.0643,3.4446,152.8083,2015-09-30,2632459776.0,45.7299995422,1.0290000439,4,6,8,8,2,3,1
000903.SZ,33.2325,1.5714,57.0496,2015-09-30,554863936.0,30.1399993896,0.2809999883,6,2,4,8,6,4,4
000905.SZ,18.5154,2.0439,53.2593,2015-09-30,1740295808.0,9.2399997711,0.6729999781,4,3,4,8,3,5,2
000906.SZ,59.32,3.0243,47.3091,2015-09-30,4806054912.0,-4.6999998093,-0.5920000076,7,5,3,9,2,6,10
000908.SZ,41.3349,5.6198,110.0518,2015-09-30,500257856.0,11.5399999619,-0.1340000033,6,8,7,8,6,5,8
000909.SZ,107.4373,4.3083,33.0162,2015-09-30,957522688.0,-11.529999733,-1.1369999647,8,7,2,9,4,6,10
000910.SZ,47.2073,3.2787,87.987,2015-09-30,2173796864.0,90.8300018311,1.2929999828,7,5,6,9,2,2,1
000911.SZ,-21.7414,2.8977,45.7602,2015-09-30,789251776.0,127.2300033569,-1.8300000429,2,5,3,9,5,2,10
000912.SZ,-3.0902,4.1274,29.1915,2015-09-30,760647936.0,101.4800033569,0.6069999933,3,7,1,9,5,2,2
000913.SZ,-24.2059,1.5165,32.2464,2015-09-30,414162816.0,68.5800018311,0.150000006,2,1,2,9,6,3,5
000915.SZ,29.1039,5.9074,59.8627,2015-09-30,268346352.0,-39.9799995422,0.9679999948,5,8,5,9,7,8,2
000917.SZ,246.0384,6.0329,607.1394,2015-09-30,1334029824.0,5.5700001717,-0.0379999988,10,8,10,9,4,5,7
000918.SZ,-126.8863,1.7914,73.4306,2015-09-30,396437120.0,-905.6500244141,-0.6560000181,1,2,6,9,6,10,10
000919.SZ,35.1383,3.0407,71.568,2015-09-30,781130304.0,0.150000006,0.3120000064,6,5,5,9,5,6,3
000920.SZ,31.3393,6.687,63.8486,2015-09-30,233542128.0,-59.0400009155,0.398999989,5,9,5,9,8,8,3
000921.SZ,17.9563,2.5736,102.0681,2015-09-30,5616212992.0,-35.4199981689,-0.001,4,4,7,9,1,7,7
000922.SZ,-45.5527,3.7192,84.3151,2015-09-30,368135712.0,-215.8800048828,-0.0949999988,2,6,6,9,7,9,8
000923.SZ,-24.4178,6.1312,25.2252,2015-09-30,62400116.0,-2354.3100585938,-0.1330000013,2,8,1,9,9,10,8
000925.SZ,112.4599,4.1088,49.2607,2015-09-30,458212864.0,133.6699981689,-1.4129999876,8,7,4,9,6,2,10
000926.SZ,9.8993,1.2381,74.6549,2015-09-30,2457487616.0,-8.279999733,-0.5619999766,3,1,6,9,2,6,10
000927.SZ,-5.5531,9.9761,97.7842,2015-09-30,615341952.0,-22.8799991608,-0.7960000038,3,9,7,9,5,7,10
000928.SZ,23.3199,3.6756,95.9345,2015-09-30,1964199936.0,410.2399902344,-0.4050000012,5,6,7,9,3,1,9
000929.SZ,10.054,2.7228,23.2207,2015-09-30,194253504.0,76.9199981689,0.2230000049,3,4,1,9,8,2,4
000930.SZ,-40.9717,5.0606,127.8809,2015-09-30,1536295040.0,-1676.0699462891,-0.2969999909,2,7,8,9,3,10,9
000931.SZ,29.0006,7.6666,59.6565,2015-09-30,285380256.0,651.3400268555,-0.0410000011,5,9,5,9,7,1,7
000932.SZ,-89.5459,0.8773,88.3585,2015-09-30,10501362688.0,-2646.3500976562,0.9620000124,2,1,6,9,1,10,2
000933.SZ,-26.7306,1.2049,80.011,2015-09-30,3898765824.0,-141.8399963379,0.0130000003,2,1,6,9,2,9,6
000935.SZ,-59.8966,1.7749,47.6387,2015-09-30,483914240.0,-213.6100006104,0.2599999905,2,2,3,9,6,9,4
000936.SZ,65.9896,2.4843,69.995,2015-09-30,420210144.0,125.1100006104,0.0250000004,7,4,5,9,6,2,6
000937.SZ,-811.5508,0.9799,178.0908,2015-09-30,2957978880.0,-95.8600006104,-0.0460000001,1,1,9,9,2,9,7
000938.SZ,79.7044,6.3572,143.782,2015-09-30,3497350400.0,52.8300018311,-3.6500000954,8,8,8,9,2,3,10
000948.SZ,1029.2333,3.1013,42.2929,2015-09-30,496732896.0,-41.1300010681,-1.3839999437,10,5,3,9,6,8,10
000949.SZ,43.2546,1.9137,46.534,2015-09-30,890859520.0,57.0600013733,0.2759999931,6,2,3,9,4,3,4
000950.SZ,-9.744,1.8517,34.8501,2015-09-30,883314816.0,20.5499992371,0.2300000042,3,2,2,9,4,4,4
000951.SZ,17.7098,1.2947,57.671,2015-09-30,4117914368.0,-45.9799995422,1.1940000057,4,1,4,9,2,8,1
000952.SZ,-14.1711,6.4819,30.8591,2015-09-30,190770176.0,67.9400024414,-0.1539999992,2,8,1,9,8,3,8
000953.SZ,25.6123,11.9583,24.7598,2015-09-30,181752368.0,-242.6699981689,-0.273999989,5,10,1,9,8,10,9
000955.SZ,-1551.6969,4.7011,30.9577,2015-09-30,102255864.0,-199.1499938965,-0.0149999997,1,7,1,9,9,9,7
000958.SZ,63.145,13.6718,140.3773,2015-09-30,103529592.0,29.8700008392,0.1620000005,7,10,8,9,9,4,5
000959.SZ,-123.1998,0.8726,208.9309,2015-09-30,3884879104.0,-5355.5698242188,-0.1570000052,1,1,9,9,2,10,8
001696.SZ,35.3726,3.8145,131.9071,2015-09-30,1192644352.0,-1.0800000429,-0.0209999997,6,6,8,9,4,6,7
001872.SZ,40.078,4.0956,170.0242,2015-09-30,509816992.0,13.8599996567,1.0,6,6,8,9,6,4,1
001896.SZ,32.1997,3.2761,115.2912,2015-09-30,1054230464.0,43.9799995422,1.2580000162,5,5,7,9,4,3,1
001914.SZ,12.9375,1.5837,52.69,2015-09-30,1459733888.0,-146.3399963379,-0.8489999771,3,2,4,9,3,9,10
600000.SH,6.1324,1.1574,2960.3059,2015-09-30,37930999808.0,6.7899999619,15.795999527,3,1,10,9,1,5,1
600006.SH,68.0307,2.7526,173.0,2015-09-30,3732567296.0,78.6800003052,0.064000003,7,4,8,9,2,2,5
600007.SH,25.3567,2.6565,141.5232,2015-09-30,559915200.0,8.5200004578,0.8870000243,5,4,8,9,5,5,2
600009.SH,23.4041,2.8935,552.0736,2015-09-30,1625948672.0,21.9200000763,0.9010000229,5,5,10,9,3,4,2
600051.SH,25.6611,1.3661,28.8186,2015-09-30,791418048.0,20.2600002289,-0.2109999955,5,1,1,9,5,4,9
600052.SH,19.062,2.6706,50.4766,2015-09-30,575717440.0,-123.4899978638,0.1140000001,4,4,4,9,5,9,5
600053.SH,66.9059,6.4859,56.9673,2015-09-30,202292736.0,-22.6100006104,0.6470000148,7,8,4,9,8,7,2
600054.SH,43.3976,3.418,95.9035,2015-09-30,566821248.0,36.8699989319,0.8659999967,6,6,7,9,5,3,2
600055.SH,184.8082,9.4963,64.5021,2015-09-30,178347056.0,81.1900024414,-0.3359999955,9,9,5,9,8,2,9
600056.SH,22.9968,2.8318,147.2194,2015-09-30,4959973888.0,22.7800006866,-0.3310000002,4,4,8,9,1,4,9
600057.SH,37.3796,2.8631,113.2622,2015-09-30,17354022912.0,-19.75,1.746999979,6,4,7,9,1,7,1
600058.SH,-365.9014,4.8388,399.9299,2015-09-30,17600335872.0,-621.1599731445,0.2230000049,1,7,10,8,1,10,4
600059.SH,38.6366,1.9608,73.98,2015-09-30,249348064.0,18.4599990845,-0.1539999992,6,2,6,6,7,4,8
600060.SH,12.9997,1.6658,183.5799,2015-09-30,8128141824.0,0.9599999785,0.4970000088,3,2,9,6,1,6,3
600061.SH,25.8144,2.2332,568.8994,2015-09-30,279353568.0,502.8900146484,10.2019996643,5,3,10,6,7,1,1
600062.SH,22.3192,2.073,124.6297,2015-09-30,980887936.0,0.0399999991,0.5479999781,4,3,7,2,4,6,3
600063.SH,48.6131,1.8616,81.9656,2015-09-30,914614208.0,-43.0600013733,0.2849999964,7,2,6,2,4,8,4
600064.SH,14.8839,1.2413,128.3062,2015-09-30,815816704.0,143.9600067139,1.6840000153,4,1,8,2,5,2,1
600066.SH,15.4087,4.1045,421.9768,2015-09-30,8541827584.0,35.2900009155,2.2660000324,4,7,10,2,1,3,1
600067.SH,15.7766,1.5191,108.4003,2015-09-30,1067881536.0,-28.9500007629,0.3370000124,4,1,7,2,4,7,3
600068.SH,14.2322,1.7629,338.9116,2015-09-30,18180487168.0,9.8800001144,-1.2460000515,3,2,10,2,1,5,10
600069.SH,-7.9955,2.1817,50.089,2015-09-30,733393472.0,59.8100013733,0.0070000002,3,3,4,2,5,3,6
600070.SH,-46.0317,3.025,33.8782,2015-09-30,198182176.0,-96.5400009155,-0.064000003,2,5,2,2,8,9,7
600071.SH,-43.2316,7.9086,38.4705,2015-09-30,219652256.0,56.0299987793,-0.1459999979,2,9,2,2,8,3,8
600072.SH,345.6933,11.3325,124.3438,2015-09-30,238285232.0,41.9599990845,0.1040000021,10,10,7,2,8,3,5
600073.SH,88.7635,3.614,113.9341,2015-09-30,4340274688.0,-14.9200000763,0.2419999987,8,6,7,2,2,6,4
600075.SH,118.4987,2.54,39.8242,2015-09-30,385666880.0,-49.6699981689,-0.1140000001,8,4,2,2,7,8,8
600076.SH,-231.7742,26.5414,30.3395,2015-09-30,1185379.5,-23.7099990845,0.0170000009,1,10,1,2,10,7,6
600077.SH,258.6361,1.9348,72.3666,2015-09-30,433029024.0,87.7600021362,0.9929999709,10,2,5,2,6,2,1
600078.SH,175.4498,2.3486,41.9409,2015-09-30,538733056.0,-22.2399997711,0.5809999704,9,3,3,2,6,7,2
600079.SH,39.4009,2.7089,206.0251,2015-09-30,2456482048.0,34.5900001526,0.0410000011,6,4,9,2,2,3,6
600080.SH,111.2555,2.6598,27.4461,2015-09-30,174286112.0,-24.8999996185,0.0829999968,8,4,1,2,8,7,5
600081.SH,26.7542,5.4014,56.4094,2015-09-30,1048459008.0,-12.3800001144,1.0460000038,5,8,4,2,4,6,1
600082.SH,104.4929,1.9888,34.8903,2015-09-30,166988896.0,-109.4199981689,-0.1940000057,8,3,2,2,8,9,9
600083.SH,212.7778,58.2383,28.819,2015-09-30,14380389.0,232.5099945068,-0.3409999907,9,10,1,2,10,1,9
600084.SH,165.654,2.6499,63.1534,2015-09-30,29657422.0,12.1800003052,-0.1059999987,9,4,5,2,10,5,8
600085.SH,39.6765,4.9259,328.33,2015-09-30,2285282816.0,14.3900003433,0.5040000081,6,7,10,2,2,4,3
600086.SH,49.7869,5.3368,144.9,2015-09-30,2378429696.0,241.8500061035,-1.3630000353,7,8,8,2,2,1,10
600088.SH,117.9273,5.7916,66.8147,2015-09-30,120772408.0,4.8499999046,-0.1560000032,8,8,5,2,9,5,8
600089.SH,19.3725,1.8307,356.7461,2015-09-30,8826266624.0,17.0699996948,-0.2639999986,4,2,10,2,1,4,9
600090.SH,110.351,8.7825,42.3104,2015-09-30,397458016.0,-6.4200000763,0.9720000029,8,9,3,2,6,6,2
600091.SH,-16.6686,12.6146,27.4605,2015-09-30,6692595.0,-25.3400001526,-0.1319999993,2,10,1,2,10,7,8
600093.SH,273.9029,2.7372,145.2447,2015-09-30,1521627136.0,265.6499938965,-1.4700000286,10,4,8,2,3,1,10
600094.SH,42.5956,2.9734,166.3558,2015-09-30,1672383232.0,396.4400024414,-2.8489999771,6,5,8,2,3,1,10
600095.SH,1970.49,5.5283,38.872,2015-09-30,54765304.0,-229.8000030518,0.2560000122,10,8,2,2,10,9,4
600096.SH,-7.562,2.1562,120.1339,2015-09-30,13683445760.0,102.7200012207,3.7669999599,3,3,7,2,1,2,1
600097.SH,-396.1053,7.6365,61.2656,2015-09-30,178351248.0,-77.6699981689,0.2680000067,1,9,5,2,8,8,4
600098.SH,23.8843,1.9019,265.8042,2015-09-30,5002384384.0,-2.2999999523,0.9589999914,5,2,9,2,1,6,2
600099.SH,1020.0856,6.2187,29.2963,2015-09-30,86731440.0,5.5999999046,-0.1449999958,10,8,1,2,9,5,8
600100.SH,28.257,2.5786,450.809,2015-09-30,7376919552.0,360.2200012207,-0.4390000105,5,4,10,2,1,1,9
600101.SH,45.2002,2.1993,40.7493,2015-09-30,316291200.0,-23.5,0.4550000131,6,3,3,2,7,7,3
600103.SH,-73.4295,4.9664,58.0827,2015-09-30,548785024.0,-1927.5500488281,-0.0329999998,2,7,4,2,6,10,7
600104.SH,6.8587,1.2317,1959.2432,2015-09-30,150084714496.0,4.1799998283,1.7910000086,3,1,10,2,1,5,1
600105.SH,65.1745,2.9669,70.7327,2015-09-30,834292992.0,-22.8299999237,-0.1430000067,7,5,5,2,5,7,8
600106.SH,37.9003,3.009,95.676,2015-09-30,80315920.0,-10.1599998474,0.3059999943,6,5,6,2,9,6,3
600107.SH,-865.9925,9.9631,52.416,2015-09-30,93740976.0,152.9299926758,0.0649999976,1,9,4,2,9,2,5
600108.SH,82.3086,3.1431,148.1602,2015-09-30,544340608.0,-40.9700012207,0.0419999994,8,5,8,2,6,8,6
600109.SH,22.2293,2.4064,376.2303,2015-09-30,1444311552.0,206.8099975586,5.8249998093,4,4,10,2,3,1,1
600110.SH,-68.6038,8.703,157.9379,2015-09-30,369604640.0,-866.799987793,0.2660000026,2,9,8,2,7,10,4
600111.SH,73.7825,5.7814,477.7482,2015-09-30,1267099648.0,-24.0200004578,0.65200001,8,8,10,2,4,7,2
600112.SH,-578.5407,5.2425,66.5022,2015-09-30,239625424.0,-80.2699966431,-0.0040000002,1,8,5,2,8,9,7
600113.SH,177.9104,4.7781,28.6103,2015-09-30,124702256.0,-12.6800003052,0.2479999959,9,7,1,2,9,6,4
600115.SH,14.1286,3.1484,984.1994,2015-09-30,27651999744.0,159.0599975586,1.3710000515,3,5,10,2,1,2,1
600116.SH,23.448,2.0699,43.4274,2015-09-30,305278976.0,63.5699996948,0.6269999743,5,3,3,2,7,3,2
600117.SH,-58.7973,1.5701,38.6175,2015-09-30,1388874752.0,-227.3300018311,-0.2259999961,2,2,2,2,3,9,9
600118.SH,125.7021,10.4585,458.2145,2015-09-30,867464192.0,12.0,-0.3880000114,9,9,10,2,4,5,9
600119.SH,121.9235,6.7957,52.0736,2015-09-30,664423744.0,150.7700042725,-0.0860000029,9,9,4,3,5,2,8
600120.SH,15.7856,1.8235,98.1629,2015-09-30,2248885248.0,10.25,0.7749999762,4,2,7,3,2,5,2
600121.SH,-89.7464,1.3058,51.681,2015-09-30,2900112384.0,-146.1100006104,-0.8119999766,1,1,4,3,2,9,10
600122.SH,22.0086,1.4862,117.7829,2015-09-30,5836707840.0,112.0,0.1299999952,4,1,7,3,1,2,5
600123.SH,63.0374,0.8595,83.0525,2015-09-30,996973056.0,273.3800048828,-0.0120000001,7,1,6,3,4,1,7
600125.SH,34.2246,2.3395,110.8388,2015-09-30,1571189248.0,-12.3699998856,0.2370000035,6,3,7,3,3,6,4
600126.SH,-20.3142,1.9864,59.8163,2015-09-30,1855534720.0,-8191.0200195312,0.4180000126,2,3,5,3,3,10,3
600127.SH,-51.154,4.8485,39.7906,2015-09-30,539344768.0,-946.5700073242,-0.0909999982,2,7,2,3,6,10,8
600128.SH,44.3072,1.9863,29.8589,2015-09-30,948982144.0,-27.7199993134,0.851000011,6,3,1,3,4,7,2
600129.SH,-59.7734,5.2932,71.8889,2015-09-30,1554450048.0,796.0900268555,0.0920000002,2,8,5,3,3,1,5
600131.SH,22.6347,4.2462,36.3978,2015-09-30,249592368.0,-11.9399995804,0.2389999926,4,7,2,3,7,6,4
600132.SH,136.0128,5.257,66.3525,2015-09-30,1120273024.0,7.7600002289,1.4359999895,9,8,5,3,4,5,1
600133.SH,25.9336,4.208,64.3137,2015-09-30,1489073152.0,-68.1800003052,-0.4129999876,5,7,5,3,3,8,9
600135.SH,284.9403,3.2662,51.734,2015-09-30,334001184.0,23.5100002289,-0.0289999992,10,5,4,3,7,4,7
600136.SH,231.2419,6.7177,56.2911,2015-09-30,70636024.0,61435.78125,-0.5370000005,9,9,4,3,9,1,10
600137.SH,-816.8068,4.3132,19.9296,2015-09-30,48005260.0,-80.2099990845,-0.2529999912,1,7,1,3,10,9,9
600138.SH,53.2385,3.2212,147.6634,2015-09-30,3092831488.0,-20.6800003052,0.2879999876,7,5,8,3,2,7,4
600139.SH,744.9414,11.2328,146.4102,2015-09-30,378421152.0,142.1799926758,0.2660000026,10,10,8,3,7,2,4
600141.SH,12.4633,1.3114,63.5978,2015-09-30,3376316416.0,-77.9100036621,1.3140000105,3,1,5,3,2,8,1
600145.SH,-1.2885,-1.3776,19.8285,2015-09-30,0.0,4.9000000954,-0.0130000003,3,1,1,3,10,5,7
600146.SH,359.4974,38.885,53.16,2015-09-30,1606479.25,-7.1399998665,-0.125,10,10,4,3,10,6,8
600148.SH,145.0089,10.807,39.7661,2015-09-30,98724368.0,-87.0599975586,0.3529999852,9,9,2,3,9,9,3
600149.SH,10209.2391,24.9718,67.0222,2015-09-30,3012561.75,-149.1699981689,-0.0280000009,10,10,5,3,10,9,7
600150.SH,531.3929,2.9108,511.2816,2015-09-30,7634814464.0,23.0900001526,-3.3129999638,10,5,10,3,1,4,10
600151.SH,-387.5542,2.8301,114.6415,2015-09-30,828419840.0,-35.8600006104,-0.0659999996,1,4,7,3,5,7,7
600152.SH,-16.8686,4.0989,23.3328,2015-09-30,197947056.0,123.3499984741,-0.0320000015,2,6,1,3,8,2,7
600153.SH,21.9787,2.7339,490.7732,2015-09-30,34125645824.0,2.2599999905,1.3930000067,4,4,10,3,1,5,1
600155.SH,-42.8623,95.8358,71.3951,2015-09-30,77259528.0,510.9800109863,-0.0140000004,2,10,5,2,9,1,7
600156.SH,-169.516,5.7742,39.2862,2015-09-30,251455440.0,50.0400009155,0.0390000008,1,8,2,2,7,3,6
600157.SH,99.5126,2.3844,478.0111,2015-09-30,3070779392.0,33.6599998474,0.1829999983,8,4,10,2,2,3,4
600158.SH,276.3455,10.7023,159.2129,2015-09-30,139463536.0,-24.2399997711,0.0790000036,10,9,8,2,8,7,5
600159.SH,30.4979,1.7782,36.8521,2015-09-30,197035616.0,-75.4499969482,0.0280000009,5,2,2,2,8,8,6
600160.SH,125.1002,3.1633,226.9078,2015-09-30,2498680320.0,20.5499992371,0.2419999987,9,5,9,2,2,4,4
600161.SH,-294.7819,6.7469,134.7946,2015-09-30,424716896.0,-84.3199996948,0.6069999933,1,9,8,2,6,9,2
600162.SH,17.5343,2.5968,48.6793,2015-09-30,489337920.0,-16.4699993134,-0.3589999974,4,4,4,3,6,7,9
600163.SH,-12.8231,3.882,54.3709,2015-09-30,77529832.0,88.0699996948,0.2919999957,3,6,4,3,9,2,4
600165.SH,-42.3403,8.9594,77.2549,2015-09-30,262360048.0,-162.8500061035,0.6880000234,2,9,6,3,7,9,2
600166.SH,55.7141,1.1026,201.1045,2015-09-30,8318033920.0,-41.4500007629,-0.0920000002,7,1,9,2,1,8,8
600167.SH,30.192,4.8467,54.3536,2015-09-30,45782544.0,15.7700004578,-4.5700001717,5,7,4,3,10,4,10
600168.SH,22.0945,1.6249,68.6863,2015-09-30,296909184.0,-18.3400001526,0.2689999938,4,2,5,3,7,7,4
600169.SH,454.9459,2.3791,128.9544,2015-09-30,1548229504.0,-44.1599998474,-0.1920000017,10,3,8,3,3,8,9
600170.SH,26.2465,2.5464,489.7209,2015-09-30,28491053056.0,7.2100000381,-0.6150000095,5,4,10,3,1,5,10
600171.SH,190.803,5.159,92.7833,2015-09-30,121406336.0,14.0900001526,0.0260000005,9,8,6,3,9,4,6
600172.SH,51.5532,3.1488,110.9966,2015-09-30,425537536.0,-1.3500000238,0.074000001,7,5,7,3,6,6,5
600173.SH,15.0457,2.2872,36.9825,2015-09-30,255718960.0,-24.4300003052,0.3880000114,4,3,2,3,7,7,3
600175.SH,45.22,2.5536,118.6302,2015-09-30,942987136.0,-77.3199996948,0.0350000001,6,4,7,3,4,8,6
600176.SH,23.2138,4.2519,191.4549,2015-09-30,1779090816.0,165.6699981689,0.9279999733,5,7,9,3,3,1,2
600177.SH,6.6648,1.4888,282.3344,2015-09-30,3655255808.0,65.8099975586,1.0490000248,3,1,9,3,2,3,1
600178.SH,36.8413,2.3822,42.6962,2015-09-30,211501072.0,207.3000030518,0.2399999946,6,3,3,3,8,1,4
600179.SH,-14.5004,-23.808,39.741,2015-09-30,196006176.0,24.9500007629,0.2280000001,2,1,2,2,8,4,4
600180.SH,45.3086,5.8617,223.0157,2015-09-30,2782715904.0,-11.6499996185,-0.6930000186,6,8,9,2,2,6,10
600182.SH,23.7294,4.8903,50.388,2015-09-30,786919104.0,7.2600002289,0.8169999719,5,7,4,2,5,5,2
600183.SH,23.5203,2.5555,109.2878,2015-09-30,2025480960.0,-19.5,0.4059999883,5,4,7,2,3,7,3
600185.SH,8.8462,2.9526,97.0485,2015-09-30,336929600.0,330.3200073242,-3.9070000648,3,5,7,1,7,1,10
600186.SH,-26.7694,112.1931,111.0877,2015-09-30,412944544.0,-275.1799926758,-0.003,2,10,7,1,6,10,7
600187.SH,67.4376,2.7976,74.8191,2015-09-30,89360552.0,-128.6399993896,-0.0710000023,7,4,6,1,9,9,8
600188.SH,20.5463,1.2258,426.9171,2015-09-30,13310927872.0,-28.8600006104,-0.1169999987,4,1,10,1,1,7,8
600189.SH,-245.7281,3.3852,42.818,2015-09-30,380561088.0,-2522.9399414062,0.1319999993,1,6,3,1,7,10,5
600190.SH,52.5567,1.7723,105.1203,2015-09-30,550994432.0,-22.2999992371,0.1550000012,7,2,7,1,6,7,5
600191.SH,51.8466,3.4489,74.0491,2015-09-30,1492283.5,322.1300048828,-0.1110000014,7,6,6,1,10,1,8
600192.SH,64.8956,1.8714,35.2073,2015-09-30,382985312.0,-48.8300018311,-0.112999998,7,2,2,1,7,8,8
600193.SH,-15.7719,16.4472,57.3403,2015-09-30,0.0,125.7900009155,-0.2169999927,2,10,4,1,10,2,9
600195.SH,26.0889,2.5384,73.8396,2015-09-30,1027340928.0,-2.4900000095,-0.2890000045,5,4,6,1,4,6,9
600196.SH,23.2314,3.1857,557.2738,2015-09-30,3152113408.0,20.0900001526,0.503000021,5,5,10,1,2,4,3
600197.SH,18.1544,2.7505,45.9963,2015-09-30,351845888.0,-15.6000003815,0.2310000062,4,4,3,1,7,6,4
600198.SH,1170.2304,4.5917,171.3937,2015-09-30,2104721792.0,-215.6600036621,0.0879999995,10,7,8,1,3,9,5
600199.SH,62.8941,2.0855,46.3516,2015-09-30,398916320.0,-31.8999996185,0.7189999819,7,3,3,1,6,7,2
600200.SH,259.4745,10.7331,107.4277,2015-09-30,755215488.0,-9.9600000381,-0.2549999952,10,9,7,1,5,6,9
600201.SH,33.3279,7.9655,145.4701,2015-09-30,317788224.0,30.4599990845,0.2090000063,6,9,8,1,7,4,4
600202.SH,143.9321,4.6856,40.2124,2015-09-30,91178224.0,-558.4899902344,-0.1299999952,9,7,2,1,9,10,8
600203.SH,39.1611,2.2385,37.7238,2015-09-30,1353968128.0,-85.2699966431,-0.1379999965,6,3,2,1,3,9,8
600206.SH,89.6404,3.6541,100.5695,2015-09-30,578494848.0,119.6100006104,-0.0900000036,8,6,7,1,5,2,8
600207.SH,-12.5478,6.0366,40.986,2015-09-30,430106400.0,177.3399963379,-0.1070000008,3,8,3,1,6,1,8
600208.SH,33.9145,2.0323,422.369,2015-09-30,1604698368.0,33.25,0.0149999997,6,3,10,1,3,3,6
600209.SH,-468.604,4.9899,35.2087,2015-09-30,14056878.0,-704.2100219727,-0.0439999998,1,7,2,1,10,10,7
600210.SH,48.4046,2.2611,94.341,2015-09-30,2120431104.0,-17.6900005341,0.4850000143,7,3,6,1,3,7,3
600211.SH,217.3037,12.8078,54.0135,2015-09-30,294076128.0,108.5599975586,0.5809999704,9,10,4,1,7,2,2
600212.SH,-15.4378,4.6406,36.177,2015-09-30,39486436.0,-2618.0900878906,0.0430000015,2,7,2,1,10,10,6
600213.SH,-16.6948,469.6709,21.846,2015-09-30,326941248.0,0.2800000012,-0.0719999969,2,10,1,1,7,6,8
600215.SH,145.0881,1.6912,40.3184,2015-09-30,33624736.0,11.720000267,-0.4370000064,9,2,2,1,10,5,9
600216.SH,96.8965,1.3645,90.1472,2015-09-30,1235592832.0,-36.4199981689,-0.0419999994,8,1,6,1,4,8,7
600217.SH,-32.7974,10.8791,84.9225,2015-09-30,374370240.0,-15.6899995804,-0.2099999934,2,9,6,1,7,6,9
600218.SH,74.989,2.1838,38.6824,2015-09-30,606270464.0,113.3899993896,0.0320000015,8,3,2,1,5,2,6
600219.SH,21.0103,0.7979,186.5551,2015-09-30,3647450368.0,-4.4800000191,0.1909999996,4,1,9,1,2,6,4
600220.SH,116.816,5.1696,88.8103,2015-09-30,549661952.0,33.8899993896,0.174999997,8,8,6,1,6,3,4
600221.SH,12.7046,1.594,471.4504,2015-09-30,10002439168.0,31.8899993896,0.8159999847,3,2,10,1,1,3,2
600222.SH,196.4167,2.7004,39.8851,2015-09-30,240072816.0,-81.4400024414,-0.1190000027,9,4,2,1,7,9,8
600226.SH,46.646,4.2785,58.2774,2015-09-30,250157904.0,46.3400001526,0.1659999937,6,7,4,1,7,3,5
600228.SH,49.4003,32.4108,24.9766,2015-09-30,125019192.0,55.5499992371,0.2730000019,7,10,1,1,9,3,4
600239.SH,31.7973,1.7284,66.1543,2015-09-30,214569712.0,-1923.9599609375,-0.8970000148,5,2,5,1,8,10,10
600266.SH,13.3127,0.9649,186.9479,2015-09-30,2319171072.0,3.5999999046,-2.0569999218,3,1,9,1,2,5,10
600268.SH,-15.2773,2.7701,49.9304,2015-09-30,984908224.0,43.2599983215,-0.5419999957,2,4,4,1,4,3,10
600359.SH,51.2322,4.0187,42.3098,2015-09-30,62311224.0,180.1699981689,0.1019999981,7,6,3,1,9,1,5
600600.SH,24.5487,2.7421,437.9886,2015-09-30,8248385536.0,-19.9200000763,3.5999999046,5,4,10,1,1,7,1
600601.SH,83.4587,3.9235,140.2535,2015-09-30,1462064256.0,-83.5500030518,-0.0309999995,8,6,8,1,3,9,7
600602.SH,94.9706,3.6326,95.8294,2015-09-30,285308096.0,-1.4099999666,-0.2210000008,8,6,7,1,7,6,9
600603.SH,-70.1477,73.1494,23.9799,2015-09-30,12544392.0,-268.6199951172,-0.1180000007,2,10,1,1,10,10,8
600604.SH,-810.4024,5.7008,156.5452,2015-09-30,49151852.0,-975.9899902344,-1.4670000076,1,8,8,1,10,10,10
600605.SH,166.9955,4.1621,20.4072,2015-09-30,536304320.0,91.2399978638,0.001,9,7,1,1,6,2,7
600606.SH,-217.8015,3.4063,1647.5681,2015-09-30,50081542144.0,12.0200004578,-2.9389998913,1,6,10,1,1,5,10
600608.SH,-217.3048,-69.8076,25.3552,2015-09-30,34082424.0,-331.4700012207,0.0289999992,1,1,1,1,10,10,6
600609.SH,-35.1974,18.1484,48.6237,2015-09-30,1064819264.0,157.1900024414,-0.2179999948,2,10,3,1,4,2,9
600611.SH,47.0298,2.9368,217.8145,2015-09-30,575405696.0,15.5699996948,0.6269999743,7,5,9,1,5,4,2
600612.SH,23.4297,5.5114,246.9116,2015-09-30,8423809024.0,10.3699998856,-0.9279999733,5,8,9,1,1,5,10
600613.SH,61.9662,5.2393,115.6799,2015-09-30,350211488.0,8.9499998093,-0.0250000004,7,8,7,1,7,5,7
600614.SH,92.8986,3.8002,115.831,2015-09-30,423206560.0,213.6900024414,-0.201000005,8,6,7,1,6,1,9
600615.SH,231.4553,5.8349,29.0868,2015-09-30,19103260.0,-44.4599990845,-0.0450000018,9,8,1,1,10,8,7
600616.SH,105.8945,2.6632,51.0502,2015-09-30,260326816.0,-17.5699996948,0.0909999982,8,4,4,1,7,7,5
600617.SH,35.2442,7.0869,166.4478,2015-09-30,1444008576.0,16.0,0.25,6,9,8,2,3,4,4
600618.SH,-23.9361,6.671,141.659,2015-09-30,1711565056.0,50.3100013733,0.0810000002,2,9,8,2,3,3,5
600619.SH,89.8661,2.0181,70.8518,2015-09-30,1128395776.0,-32.7599983215,0.4650000036,8,3,5,2,4,7,3
600620.SH,81.6024,1.4824,88.2151,2015-09-30,9731972.0,-29.6100006104,-0.0080000004,8,1,6,2,10,7,7
600621.SH,30.6381,3.545,68.4452,2015-09-30,42227876.0,96.6900024414,-0.4059999883,5,6,5,2,10,2,9
600622.SH,23.4315,2.035,62.3336,2015-09-30,503093856.0,-24.5400009155,0.8159999847,5,3,5,2,6,7,2
600623.SH,302.3196,1.7378,254.2221,2015-09-30,19841568768.0,-64.7399978638,0.9440000057,10,2,9,2,1,8,2
600624.SH,145.9788,5.9739,61.6241,2015-09-30,175540688.0,14.5699996948,0.1299999952,9,8,5,2,8,4,5
600626.SH,68.0576,3.8351,86.5786,2015-09-30,2090772096.0,-14.9499998093,-0.0769999996,7,6,6,1,3,6,8
600628.SH,62.3298,3.399,88.4382,2015-09-30,740255936.0,-77.5699996948,0.3720000088,7,6,6,2,5,8,3
600629.SH,754.8455,7.9428,71.6325,2015-09-30,2780117248.0,-6.4000000954,-0.5789999962,10,9,5,2,2,6,10
600630.SH,116.9616,5.0707,83.7827,2015-09-30,892602752.0,15.5699996948,-0.3519999981,8,7,6,2,4,4,9
600633.SH,41.3628,5.5839,214.1294,2015-09-30,748020544.0,-1.7100000381,0.0379999988,6,8,9,2,5,6,6
600634.SH,167.3934,8.9277,215.2087,2015-09-30,577339392.0,4.9499998093,0.1519999951,9,9,9,2,5,5,5
600635.SH,33.2606,3.5553,193.19,2015-09-30,918078976.0,98.7399978638,0.1089999974,6,6,9,2,4,2,5
600636.SH,-118.6384,1.9608,60.1137,2015-09-30,717758016.0,-624.4099731445,0.4930000007,1,2,5,2,5,10,3
600637.SH,85.9161,3.104,832.6127,2015-09-30,4977100800.0,34.25,0.27700001,8,5,10,2,1,3,4
600638.SH,36.844,1.9853,70.37,2015-09-30,212979136.0,166.6600036621,0.5310000181,6,3,5,2,8,1,3
600639.SH,56.3205,2.3011,250.9715,2015-09-30,391117568.0,18.8099994659,-0.5360000134,7,3,9,2,6,4,10
600640.SH,128.6997,4.4441,113.0155,2015-09-30,1224958848.0,-35.3199996948,-0.5339999795,9,7,7,2,4,7,9
600641.SH,28.9446,2.4473,89.3224,2015-09-30,385208768.0,-28.1900005341,0.9139999747,5,4,6,2,7,7,2
600642.SH,13.6678,1.4315,339.1269,2015-09-30,6226678784.0,38.1100006104,0.6560000181,3,1,10,1,1,3,2
600643.SH,41.9737,4.3627,240.4335,2015-09-30,92246632.0,13.2299995422,0.4720000029,6,7,9,1,9,4,3
600644.SH,-3.3569,4.0738,37.9572,2015-09-30,420361120.0,21.3899993896,0.2240000069,3,6,2,1,6,4,4
600645.SH,100.5102,19.2029,306.455,2015-09-30,169288016.0,65.3499984741,0.0350000001,8,10,10,1,8,3,6
600647.SH,33.4273,10.0131,27.133,2015-09-30,15961375.0,439.4100036621,0.0829999968,6,9,1,1,10,1,5
600648.SH,33.1851,3.249,291.2171,2015-09-30,1537793408.0,-25.2299995422,-0.2520000041,6,5,10,1,3,7,9
600649.SH,9.3208,2.0023,397.3406,2015-09-30,774149888.0,198.0200042725,0.9070000052,3,3,10,1,5,1,2
600650.SH,77.2546,4.7034,175.1362,2015-09-30,537352448.0,-7.3899998665,0.3400000036,8,7,8,1,6,6,3
600651.SH,87.8694,3.4061,102.2658,2015-09-30,1560224256.0,630.5800170898,-0.5230000019,8,6,7,1,3,1,9
600652.SH,-492.2806,14.8289,303.9368,2015-09-30,323066112.0,106.9199981689,0.3560000062,1,10,10,1,7,2,3
600653.SH,-140.3817,4.7335,88.7161,2015-09-30,1454641536.0,101.6500015259,-0.0379999988,1,7,6,1,3,2,7
600654.SH,177.2525,13.6779,396.5818,2015-09-30,414545056.0,38.4500007629,0.300999999,9,10,10,1,6,3,3
600655.SH,21.3709,2.9965,231.4088,2015-09-30,4542494720.0,-9.5799999237,-0.7779999971,4,5,9,1,2,6,10
600657.SH,11.857,1.1438,91.7605,2015-09-30,756793536.0,-33.0800018311,-1.82099998,3,1,6,1,5,7,10
600658.SH,40.4397,1.8181,53.1949,2015-09-30,455209376.0,-59.2700004578,-0.125,6,2,4,1,6,8,8
600660.SH,13.1454,2.0892,313.8281,2015-09-30,3103963136.0,17.2700004578,0.90200001,3,3,10,1,2,4,2
600661.SH,116.6209,9.3202,77.4639,2015-09-30,318533792.0,10.5600004196,0.5799999833,8,9,6,1,7,5,2
600662.SH,72.4338,4.8768,155.7923,2015-09-30,1132046976.0,2.8199999332,0.5049999952,8,7,8,1,4,5,3
600663.SH,53.1953,7.5087,903.3988,2015-09-30,1723276544.0,14.2100000381,1.1720000505,7,9,10,1,3,4,1
600664.SH,67.7043,3.0527,204.4037,2015-09-30,3397768960.0,23.6100006104,0.400000006,7,5,9,1,2,4,3
600665.SH,28.5783,1.7361,43.0333,2015-09-30,197580464.0,-120.0999984741,-1.0980000496,5,2,3,1,8,9,10
600666.SH,168.9106,10.3781,199.6706,2015-09-30,315046816.0,344.9100036621,-0.1770000011,9,9,9,1,7,1,8
600667.SH,23534.7598,4.2109,65.6392,2015-09-30,1130631040.0,-59.7700004578,0.0209999997,10,7,5,1,4,8,6
600668.SH,19.6832,1.978,40.8428,2015-09-30,559571904.0,-44.8899993896,-0.0979999974,4,2,3,1,5,8,8
600671.SH,-1348.9012,41.2335,30.1646,2015-09-30,24757692.0,-670.4000244141,-0.1010000035,1,10,1,1,10,10,8
600673.SH,86.3456,3.7448,133.3192,2015-09-30,1267124864.0,-15.9899997711,0.1439999938,8,6,8,3,4,6,5
600674.SH,11.3985,2.9569,469.2682,2015-09-30,283721632.0,10.2600002289,0.1280000061,3,5,10,3,7,5,5
600675.SH,-8.9536,2.9995,137.0422,2015-09-30,910273408.0,-955.2299804688,1.3500000238,3,5,8,3,4,10,1
600676.SH,35.0559,3.2767,115.9893,2015-09-30,1814276864.0,6.9000000954,0.5090000033,6,5,7,4,3,5,3
600677.SH,-26.5318,4.6527,69.9183,2015-09-30,1135807104.0,-100.7200012207,-2.513999939,2,7,5,5,4,9,10
600678.SH,-103.7832,158.5471,40.099,2015-09-30,9965440.0,85.6500015259,-0.0900000036,1,10,2,5,10,2,8
600679.SH,124.2082,7.0097,49.7543,2015-09-30,131603288.0,-245.4900054932,0.0610000007,9,9,4,5,8,10,6
600681.SH,3597.4676,155.1655,30.0264,2015-09-30,2860118.5,-764.3699951172,0.0020000001,10,10,1,5,10,10,6
600682.SH,68.4933,12.4476,307.1447,2015-09-30,3342508800.0,-198.4199981689,-0.3580000103,7,10,10,5,2,9,9
600683.SH,144.5605,3.7146,64.9662,2015-09-30,1558012672.0,41.5099983215,5.1370000839,9,6,5,5,3,3,1
600684.SH,25.9604,2.7357,58.3198,2015-09-30,562908736.0,-2.5199999809,0.7789999843,5,4,4,5,5,6,2
600685.SH,-321.9181,5.09,494.3032,2015-09-30,6332484096.0,-148.2899932861,-3.3819999695,1,7,10,5,1,9,10
600686.SH,34.5687,3.1361,109.6983,2015-09-30,7108747264.0,99.1999969482,0.9340000153,6,5,7,5,1,2,2
600687.SH,43.7062,8.507,148.407,2015-09-30,1454727808.0,117.1600036621,-0.7919999957,6,9,8,5,3,2,10
600688.SH,61.5233,3.9575,725.76,2015-09-30,19405451264.0,1576.4100341797,0.3140000105,7,6,10,5,1,1,3
600689.SH,31.4755,5.62,20.0388,2015-09-30,247702768.0,-127.2399978638,-0.0250000004,5,8,1,5,7,9,7
600690.SH,11.3401,2.2722,571.9026,2015-09-30,20716965888.0,-18.6200008392,0.2210000008,3,3,10,5,1,7,4
600691.SH,11.4549,1.1911,54.8118,2015-09-30,5218490368.0,110.9100036621,0.8880000114,3,1,4,5,1,2,2
600692.SH,138.0093,8.0933,44.7092,2015-09-30,164916912.0,1.8799999952,0.72299999,9,9,3,5,8,6,2
600693.SH,155.3214,1.8968,34.3124,2015-09-30,324038848.0,-75.2900009155,-0.2820000052,9,2,2,5,7,8,9
600694.SH,9.1189,1.571,99.6294,2015-09-30,7136295936.0,-38.1699981689,4.4869999886,3,2,7,5,1,8,1
600695.SH,-302.6711,5.1248,49.0682,2015-09-30,56731664.0,87.7399978638,0.0199999996,1,7,4,5,10,2,6
600696.SH,56.2084,5.8032,33.2051,2015-09-30,-3159.0,-689.6699829102,-0.2280000001,7,8,2,5,10,10,9
600697.SH,12.2001,2.2081,38.038,2015-09-30,2969881600.0,10.5600004196,-0.5699999928,3,3,2,5,2,5,10
600698.SH,-1333.6634,8.4583,59.4752,2015-09-30,97573600.0,-92.1399993896,-0.0250000004,1,9,5,5,9,9,7
600699.SH,46.3195,4.9473,175.4446,2015-09-30,2119223552.0,19.5400009155,0.2969999909,6,7,8,5,3,4,4
600701.SH,-295.1283,7.7288,67.7845,2015-09-30,201642960.0,-66.3600006104,0.7799999714,1,9,5,5,8,8,2
600702.SH,482.6198,2.0712,46.6486,2015-09-30,188720832.0,-34.9799995422,0.0359999985,10,3,3,5,8,7,6
600703.SH,29.4416,4.3116,500.6334,2015-09-30,1310121088.0,37.8199996948,0.5730000138,5,7,10,4,4,3,2
600704.SH,32.7054,2.4706,153.4829,2015-09-30,108871606272.0,79.8000030518,1.6210000515,5,4,8,5,1,2,1
600705.SH,27.3974,3.1231,582.6742,2015-09-30,835375104.0,21.6499996185,-3.1670000553,5,5,10,4,5,4,10
600706.SH,78.137,3.2235,26.1725,2015-09-30,261466912.0,9.6899995804,0.3070000112,8,5,1,4,7,5,3
600707.SH,-9.1455,8.1188,101.8199,2015-09-30,59784404.0,-103.5800018311,-0.1309999973,3,9,7,4,9,9,8
600708.SH,100.6446,2.2348,148.7042,2015-09-30,4941663232.0,-30.75,-2.4530000687,8,3,8,4,1,7,10
600710.SH,-10.5915,2.3425,34.8314,2015-09-30,229145696.0,-285.1600036621,-0.1099999994,3,3,2,4,8,10,8
600711.SH,54.3217,2.5754,93.8652,2015-09-30,1722866048.0,-4.3499999046,-0.3470000029,7,4,6,4,3,6,9
600712.SH,393.8991,3.6461,39.3241,2015-09-30,502809120.0,-435.1799926758,0.061999999,10,6,2,4,6,10,6
600713.SH,39.6854,3.2758,72.871,2015-09-30,6389619200.0,138.1600036621,-0.4390000105,6,5,5,4,1,2,9
600714.SH,-170.0292,4.8217,27.6937,2015-09-30,85177480.0,-327.200012207,0.7049999833,1,7,1,4,9,10,2
600715.SH,-349.2469,4.8109,182.7235,2015-09-30,147584448.0,313.1600036621,0.0359999985,1,7,9,4,8,1,6
600716.SH,690.357,2.3552,47.9169,2015-09-30,150267984.0,-297.9100036621,-0.201000005,10,3,3,4,8,10,9
600717.SH,13.5374,1.181,164.6298,2015-09-30,3624233728.0,9.2100000381,1.1349999905,3,1,8,4,2,5,1
600718.SH,85.598,3.2916,181.0702,2015-09-30,1681757568.0,-24.3400001526,-0.8439999819,8,5,9,4,3,7,10
600719.SH,109.8731,2.9083,21.7675,2015-09-30,18426868.0,39.9799995422,-0.1909999996,8,5,1,4,10,3,9
600720.SH,19.8491,1.0603,51.7009,2015-09-30,1714896512.0,-90.0800018311,0.92900002,4,1,4,4,3,9,2
600721.SH,-13.8631,6.6803,41.5781,2015-09-30,167250304.0,-24.5699996948,0.5429999828,3,9,3,4,8,7,3
600722.SH,-8.9984,6.3835,30.4103,2015-09-30,156463424.0,230.8300018311,-0.1070000008,3,8,1,4,8,1,8
600723.SH,15.2253,1.795,55.8988,2015-09-30,2410671616.0,13.1400003433,0.1940000057,4,2,4,5,2,4,4
600724.SH,-22.7714,2.5491,93.3626,2015-09-30,514682624.0,-232.2400054932,0.2430000007,2,4,6,5,6,10,4
600725.SH,-3.3265,19.577,36.4195,2015-09-30,579590080.0,-16.2900009155,-0.1790000051,3,10,2,5,5,6,8
600726.SH,114.5018,4.1004,141.0106,2015-09-30,2059904512.0,-17.9500007629,0.7659999728,8,6,8,5,3,7,2
600727.SH,127.6108,2.5131,26.3591,2015-09-30,176879184.0,216.5200042725,0.0670000017,9,4,1,5,8,1,5
600728.SH,108.1753,10.0323,121.8931,2015-09-30,475759648.0,-220.7100067139,-0.3720000088,8,9,7,5,6,9,9
600729.SH,27.0265,2.725,131.6746,2015-09-30,6492194816.0,-19.9200000763,0.6610000134,5,4,8,5,1,7,2
600730.SH,87.6306,4.4386,62.3029,2015-09-30,196618320.0,-57.2900009155,-0.65200001,8,7,5,5,8,8,10
600731.SH,188.7676,3.6958,27.7235,2015-09-30,204980288.0,47.6500015259,0.3210000098,9,6,1,5,8,3,3
600732.SH,-57.8601,7.6501,34.4161,2015-09-30,26331598.0,-910.4000244141,-0.0359999985,2,9,2,5,10,10,7
600733.SH,-10171.1278,19.4372,58.683,2015-09-30,48000.0,-208.9100036621,-0.3219999969,1,10,4,5,10,9,9
600734.SH,-54.7977,21.927,20.9529,2015-09-30,21550384.0,9.5799999237,-0.1519999951,2,10,1,5,10,5,8
600735.SH,72.9613,6.3401,42.1487,2015-09-30,363097920.0,-15.3199996948,0.2070000023,8,8,3,5,7,6,4
600736.SH,65.8645,2.039,97.3349,2015-09-30,526310592.0,-34.8400001526,-0.9010000229,7,3,7,5,6,7,10
600737.SH,16806.3451,5.4246,303.0621,2015-09-30,2810031360.0,83.1699981689,0.075000003,10,8,10,5,2,2,5
600738.SH,26.8463,2.329,26.8167,2015-09-30,264262192.0,-12.5399999619,-0.3170000017,5,3,1,5,7,6,9
600739.SH,14.3752,1.3353,242.1531,2015-09-30,2506074368.0,114.2600021362,-0.1049999967,4,1,9,5,2,2,8
600740.SH,-18.1067,1.6351,42.3432,2015-09-30,873751808.0,-2246.8798828125,-0.6729999781,2,2,3,5,4,10,10
600741.SH,7.7619,1.5297,368.3643,2015-09-30,22017343488.0,4.8800001144,1.9839999676,3,2,10,5,1,5,1
600742.SH,9.2754,1.255,46.8524,2015-09-30,2016637952.0,-26.7900009155,1.5099999905,3,1,3,5,3,7,1
600743.SH,19.2904,2.852,107.7873,2015-09-30,1017496128.0,4.2899999619,0.1019999981,4,4,7,5,4,5,5
600744.SH,325.3932,2.723,137.3247,2015-09-30,2434564096.0,458.4200134277,1.1569999456,10,4,8,5,2,1,1
600745.SH,3877.1097,4.3827,114.6436,2015-09-30,83179712.0,-182.6399993896,-0.7799999714,10,7,7,5,9,9,10
600746.SH,-236.5591,6.2087,26.4442,2015-09-30,141203472.0,-307.799987793,0.0240000002,1,8,1,5,8,10,6
600748.SH,31.5054,2.3343,115.054,2015-09-30,407072416.0,-72.3300018311,-0.6389999986,5,3,7,5,6,8,10
600749.SH,-51.0898,5.1518,30.2999,2015-09-30,79920680.0,-2299.3000488281,0.2660000026,2,7,1,5,9,10,4
600750.SH,44.5233,6.4527,137.22,2015-09-30,565591040.0,42.9900016785,1.4470000267,6,8,8,5,5,3,1
600751.SH,130.0294,1.8162,217.7403,2015-09-30,116551712.0,3915.0200195312,0.0070000002,9,2,9,5,9,1,6
600753.SH,4788.8149,23.9023,23.9232,2015-09-30,965128.1875,2554.3200683594,1.9110000134,10,10,1,5,10,1,1
600754.SH,38.5817,2.8632,228.5635,2015-09-30,1623645312.0,36.7900009155,0.9750000238,6,5,9,5,3,3,2
600755.SH,15.566,1.5971,123.1708,2015-09-30,16475628544.0,-36.6500015259,1.0579999685,4,2,7,5,1,8,1
600756.SH,63.5199,6.5146,56.3906,2015-09-30,246941168.0,137.3500061035,-0.5630000234,7,8,4,5,7,2,10
600757.SH,39.1439,2.0064,99.5193,2015-09-30,2679246848.0,36.0900001526,0.0549999997,6,3,7,5,2,3,6
600758.SH,171.6885,6.1384,21.2251,2015-09-30,31969458.0,-54.5200004578,-0.0170000009,9,8,1,5,10,8,7
600759.SH,197.8188,3.2748,177.6853,2015-09-30,311498240.0,148.1900024414,0.0350000001,9,5,9,5,7,2,6
600760.SH,-34.2661,10.394,55.3637,2015-09-30,344136992.0,-31.9699993134,0.1589999944,2,9,4,5,7,7,5
600761.SH,15.9611,1.7157,66.3695,2015-09-30,1347433600.0,-39.6800003052,0.5500000119,4,2,5,5,3,8,3
600763.SH,138.9567,25.3662,176.9292,2015-09-30,216957216.0,34.6899986267,0.8880000114,9,10,8,5,8,3,2
600764.SH,852.7835,7.7247,46.6893,2015-09-30,59734668.0,-106.2799987793,0.2870000005,10,9,3,5,9,9,4
600765.SH,169.5035,3.6327,128.2149,2015-09-30,1542648320.0,2.0299999714,-0.1410000026,9,6,8,5,3,5,8
600766.SH,525.7229,83.0181,28.7683,2015-09-30,2837900.0,87.0999984741,0.0540000014,10,10,1,5,10,2,6
600767.SH,168.3758,13.2649,46.4456,2015-09-30,7032963.5,-326.299987793,-0.0040000002,9,10,3,5,10,10,7
600768.SH,198.328,24.1728,19.4468,2015-09-30,219283664.0,17.8799991608,-0.5130000114,9,10,1,5,8,4,9
600769.SH,439.7864,74.2009,31.6481,2015-09-30,3857357.0,766.5399780273,-0.0379999988,10,10,1,5,10,1,7
600770.SH,247.462,3.8777,131.3,2015-09-30,109364720.0,21.5599994659,0.0250000004,10,6,8,5,9,4,6
600771.SH,223.8956,10.6678,75.3416,2015-09-30,72635608.0,-38.2700004578,-0.1940000057,9,9,6,5,9,8,9
600773.SH,125.7256,3.8986,95.8187,2015-09-30,32363796.0,-27.7999992371,0.5320000052,9,6,7,5,10,7,3
600774.SH,127.2144,4.923,27.9321,2015-09-30,210930208.0,240.3200073242,0.1809999943,9,7,1,5,8,1,4
600775.SH,80.2373,3.9552,124.4648,2015-09-30,854006528.0,18.3999996185,-0.0769999996,8,6,7,5,4,4,8
600776.SH,54.159,3.7667,105.1272,2015-09-30,526599392.0,0.150000006,-0.3729999959,7,6,7,5,6,6,9
600777.SH,-118.2605,6.484,73.7999,2015-09-30,124827880.0,-128.8399963379,0.1049999967,1,8,6,5,9,9,5
600778.SH,41.9511,2.985,49.8698,2015-09-30,1718254848.0,-40.6100006104,0.3109999895,6,5,4,5,3,8,3
600779.SH,-16.5421,3.2476,40.7936,2015-09-30,230067072.0,150.6000061035,0.3549999893,2,5,3,5,8,2,3
600780.SH,16.7186,1.8201,79.7966,2015-09-30,1329845760.0,-34.3100013733,0.7239999771,4,2,6,5,4,7,2
600781.SH,288.2634,9.7416,34.382,2015-09-30,120765152.0,40.9500007629,0.1439999938,10,9,2,5,9,3,5
600782.SH,25.977,0.9471,74.8282,2015-09-30,5794477056.0,-280.5899963379,-0.0680000037,5,1,6,5,1,10,7
600783.SH,48.4091,4.8094,168.7463,2015-09-30,44365332.0,-28.0400009155,-0.1369999945,7,7,8,5,10,7,8
600784.SH,523.3496,2.9161,43.9201,2015-09-30,496245504.0,-79.8199996948,0.0869999975,10,5,3,5,6,9,5
600785.SH,59.8113,3.7571,69.2237,2015-09-30,1699495296.0,-41.7099990845,0.0379999988,7,6,5,4,3,8,6
600787.SH,36.5137,3.0065,192.8642,2015-09-30,4221727488.0,-7.8600001335,0.2290000021,6,5,9,4,2,6,4
600789.SH,-79.8029,3.2803,59.5533,2015-09-30,590493504.0,100.9499969482,0.0379999988,2,5,5,4,5,2,6
600790.SH,21.68,1.8853,67.4264,2015-09-30,198370192.0,-9.2100000381,-0.1360000074,4,2,5,3,8,6,8
600791.SH,51.7332,2.1399,31.1581,2015-09-30,176699424.0,-25.3999996185,-1.6180000305,7,3,1,3,8,7,10
600792.SH,-37.1205,1.779,57.6136,2015-09-30,854408256.0,-6239.5400390625,-0.0320000015,2,2,4,3,4,10,7
600793.SH,1606.7758,70.2043,21.0389,2015-09-30,17907.9296875,-74.5299987793,0.0529999994,10,10,1,3,10,8,6
600794.SH,69.2482,3.9791,72.4477,2015-09-30,78229464.0,-39.6300010681,0.2860000134,7,6,5,3,9,8,4
600795.SH,12.4485,1.626,813.5265,2015-09-30,14852261888.0,-1.5099999905,0.9190000296,3,2,10,3,1,6,2
600796.SH,657.2715,5.3967,30.1101,2015-09-30,102021640.0,-45.2999992371,0.0949999988,10,8,1,3,9,8,5
600797.SH,-100.4841,5.7219,93.0178,2015-09-30,1175942528.0,145.6900024414,-0.2389999926,1,8,6,3,4,2,9
600798.SH,357.1329,2.3076,60.511,2015-09-30,275307680.0,243.5700073242,0.3289999962,10,3,5,3,7,1,3
600800.SH,107.4896,42.1102,46.151,2015-09-30,31701454.0,69.8600006104,-0.2399999946,8,10,3,3,10,3,9
600801.SH,13.876,1.1659,112.0183,2015-09-30,3431195136.0,-84.7200012207,1.1619999409,3,1,7,3,2,9,1
600802.SH,-30.0643,2.0428,25.6237,2015-09-30,754943808.0,-1341.1999511719,0.0450000018,2,3,1,3,5,10,6
600803.SH,19.3492,3.0611,113.661,2015-09-30,1444548480.0,-30.7000007629,0.9240000248,4,5,7,4,3,7,2
600804.SH,48.3036,6.0145,317.763,2015-09-30,2025792640.0,41.5,2.3210000992,7,8,10,4,3,3,1
600805.SH,11.0947,1.4689,94.7896,2015-09-30,451875808.0,-80.5199966431,0.1930000037,3,1,6,4,6,9,4
600807.SH,76.5997,5.591,88.2334,2015-09-30,173788304.0,197.8000030518,-0.4850000143,8,8,6,4,8,1,9
600808.SH,-88.1355,1.1439,251.8123,2015-09-30,11278859264.0,-689.2199707031,0.3939999938,2,1,9,4,1,10,3
600809.SH,49.0336,3.2234,134.8992,2015-09-30,829789696.0,-8.3599996567,0.5019999743,7,5,8,4,5,6,3
600810.SH,-727.0227,1.3699,31.8884,2015-09-30,2846809600.0,-90.0199966431,0.7789999843,1,1,1,4,2,9,2
600811.SH,12.6499,1.2041,125.1771,2015-09-30,1670338816.0,-57.9599990845,0.5040000081,3,1,7,4,3,8,3
600812.SH,159.3181,2.0162,105.5131,2015-09-30,1737968000.0,90.9300003052,0.063000001,9,3,7,4,3,2,6
600814.SH,27.4159,3.3135,63.5659,2015-09-30,1077898240.0,-6.9699997902,-0.0040000002,5,5,5,4,4,6,7
600815.SH,-42.7206,1.895,73.7448,2015-09-30,787080320.0,-176.9499969482,-0.0710000023,2,2,6,3,5,9,8
600816.SH,20.4121,4.8388,266.7224,2015-09-30,578981760.0,47.8300018311,-0.3889999986,4,7,9,3,5,3,9
600817.SH,-148.2887,22.8528,24.748,2015-09-30,2682329.25,-480.3500061035,-0.6029999852,1,10,1,3,10,10,10
600818.SH,365.0423,42.2289,174.0962,2015-09-30,184656256.0,496.1199951172,-0.0780000016,10,10,8,3,8,1,8
600819.SH,-105.1032,1.897,58.4323,2015-09-30,734314112.0,-351.0599975586,0.2560000122,1,2,4,3,5,10,4
600820.SH,26.8488,2.3232,377.9204,2015-09-30,5774646784.0,-0.1400000006,0.0970000029,5,3,10,3,1,6,5
600821.SH,347.6777,4.8598,29.2637,2015-09-30,85483072.0,-42.0800018311,-0.175999999,10,7,1,3,9,8,8
600822.SH,-52.6778,6.5616,57.4833,2015-09-30,16679128064.0,-141825.328125,0.4079999924,2,8,4,3,1,10,3
600823.SH,8.6655,1.0832,182.5632,2015-09-30,2077198592.0,22.3799991608,-0.4269999862,3,1,9,3,3,4,9
600824.SH,45.4675,4.7079,87.6951,2015-09-30,882937024.0,10.0500001907,0.2210000008,6,7,6,3,4,5,4
600825.SH,168.9176,3.8898,99.2643,2015-09-30,300806560.0,93.8499984741,-0.0080000004,9,6,7,3,7,2,7
600826.SH,11.119,2.6226,101.5851,2015-09-30,578394432.0,868.1099853516,-0.3370000124,3,4,7,3,5,1,9
600827.SH,22.6531,1.9483,319.6952,2015-09-30,10957611008.0,33.8499984741,0.5600000024,4,2,10,3,1,3,3
600828.SH,47.9857,3.4009,43.8098,2015-09-30,399666368.0,-55.4900016785,0.0070000002,7,6,3,3,6,8,6
600829.SH,386.0894,4.3717,60.7143,2015-09-30,1968017536.0,-15.8400001526,0.298999995,10,7,5,3,3,6,4
600830.SH,45.9176,2.2001,44.0239,2015-09-30,518542496.0,2.9800000191,0.5019999743,6,3,3,3,6,5,3
600831.SH,56.7264,3.9394,73.416,2015-09-30,525705056.0,11.8999996185,0.6079999804,7,6,5,3,6,5,2
600833.SH,85.3967,4.3715,34.8684,2015-09-30,356383040.0,11.5100002289,0.248999998,8,7,2,3,7,5,4
600834.SH,91.7906,6.155,85.9765,2015-09-30,196411712.0,-43.1100006104,0.0970000029,8,8,6,3,8,8,5
600835.SH,26.4909,3.6453,251.1848,2015-09-30,4923795968.0,118.3199996948,1.4750000238,5,6,9,3,2,2,1
600836.SH,675.2976,11.0612,95.337,2015-09-30,311616608.0,-13.8900003433,-1.6859999895,10,10,6,3,7,6,10
600837.SH,10.1758,1.4874,1525.1254,2015-09-30,4789411328.0,123.5800018311,3.8320000172,3,1,10,3,2,2,1
600838.SH,76.0552,5.8541,58.0076,2015-09-30,17866476.0,237.8099975586,-0.0520000011,8,8,4,3,10,1,7
600839.SH,576.2843,2.0369,282.9758,2015-09-30,16104485888.0,-57.5099983215,0.6290000081,10,3,9,3,1,8,2
600841.SH,77.5792,2.6633,92.1291,2015-09-30,503605792.0,-44.0900001526,0.199000001,8,4,6,3,6,8,4
600843.SH,29.7105,4.3893,76.0894,2015-09-30,630314560.0,149.4100036621,0.0860000029,5,7,6,3,5,2,5
600844.SH,139.0291,5.6132,48.3523,2015-09-30,260673712.0,-112.1699981689,0.3939999938,9,8,3,4,7,9,3
600845.SH,55.3971,7.2837,189.8218,2015-09-30,1123102208.0,10.3400001526,1.2690000534,7,9,9,3,4,5,1
600846.SH,34.4144,3.3982,57.2906,2015-09-30,759835456.0,-11.3500003815,-0.0270000007,6,6,4,4,5,6,7
600847.SH,2041.3218,7.2372,52.2933,2015-09-30,86375776.0,62.2099990845,0.023,10,9,4,4,9,3,6
600848.SH,-206.6332,4.4995,126.1333,2015-09-30,6302390.0,699.2399902344,-0.8159999847,1,7,7,4,10,1,10
600850.SH,47.9288,8.8261,127.2823,2015-09-30,1294130048.0,6.8000001907,-0.6150000095,7,9,8,4,4,5,10
600851.SH,30.9434,2.3792,114.0669,2015-09-30,344828672.0,3.8800001144,-0.125,5,3,7,4,7,5,8
600853.SH,238.9171,5.7059,44.9845,2015-09-30,1875150592.0,-10.8800001144,-0.1519999951,10,8,3,4,3,6,8
600854.SH,-994.7938,1.7889,34.544,2015-09-30,62119764.0,-168.8399963379,-0.1640000045,1,2,2,4,9,9,8
600855.SH,414.7437,10.1774,85.9221,2015-09-30,173418432.0,-17.5799999237,-0.2930000126,10,9,6,4,8,7,9
600856.SH,294.5781,7.7055,125.9675,2015-09-30,618519616.0,34.7799987793,-0.3810000122,10,9,7,4,5,3,9
600857.SH,66.0764,5.0929,30.4851,2015-09-30,249455120.0,5.5300002098,0.0670000017,7,7,1,4,7,5,5
600858.SH,39.0802,1.5199,45.2978,2015-09-30,3170806016.0,-42.8800010681,-0.0179999992,6,2,3,4,2,8,7
600859.SH,14.3502,1.363,103.5675,2015-09-30,3897459968.0,23.8899993896,0.4359999895,4,1,7,4,2,4,3
600860.SH,-118.7548,6.4339,56.0838,2015-09-30,242020800.0,-191.0700073242,0.2090000063,1,8,4,4,7,9,4
600861.SH,40.497,1.7121,38.5235,2015-09-30,821577600.0,19.0499992371,-0.3519999981,6,2,2,4,5,4,9
600862.SH,-60.5296,9.2106,94.2858,2015-09-30,806693120.0,41.3699989319,0.55400002,2,9,6,4,5,3,3
600863.SH,28.1275,2.5939,261.9293,2015-09-30,3376014848.0,-35.1599998474,0.4560000002,5,4,9,4,2,7,3
600864.SH,18.3602,1.3653,59.4459,2015-09-30,94889872.0,123.8300018311,-0.7889999747,4,1,5,4,9,2,10
600865.SH,31.7886,2.9232,41.0478,2015-09-30,222589680.0,-18.3999996185,0.0480000004,5,5,3,4,8,7,6
600866.SH,-16.8085,3.9409,53.6967,2015-09-30,171788128.0,21.8299999237,0.0299999993,2,6,4,4,8,4,6
600867.SH,67.8896,12.1131,266.9203,2015-09-30,458497408.0,77.4000015259,0.150000006,7,10,9,4,6,2,5
600868.SH,-147.9133,5.5321,117.1158,2015-09-30,70437840.0,-133.2100067139,0.0240000002,1,8,7,4,9,9,6
600869.SH,68.6808,5.2395,166.4263,2015-09-30,3137316352.0,31.2900009155,0.3420000076,7,8,8,4,2,3,3
600870.SH,-5078.2941,469.0301,29.9793,2015-09-30,30221906.0,102.9300003052,0.063000001,1,10,1,4,10,2,6
600871.SH,263.2539,6.0373,1412.8518,2015-09-30,13459495936.0,-502.5100097656,-0.0799999982,10,8,10,4,1,10,8
600872.SH,50.3119,5.0251,119.0973,2015-09-30,707869888.0,-19.2299995422,0.3639999926,7,7,7,4,5,7,3
600873.SH,33.4652,2.867,236.2252,2015-09-30,2660467200.0,41.3899993896,0.8249999881,6,5,9,4,2,3,2
600874.SH,38.8967,3.1619,134.4449,2015-09-30,532380000.0,28.4500007629,1.506000042,6,5,8,4,6,4,1
600875.SH,51.0605,1.3612,310.1067,2015-09-30,7795857408.0,-77.4100036621,-0.0810000002,7,1,10,4,1,8,8
600876.SH,-122.2934,-246.542,159.4058,2015-09-30,95228376.0,-2238.0200195312,-0.1780000031,1,1,8,4,9,10,8
600877.SH,-124.0687,48.5528,53.2644,2015-09-30,195441392.0,-857.0900268555,-0.2129999995,1,10,4,4,8,10,9
600879.SH,69.1361,3.2228,171.1078,2015-09-30,882926272.0,12.1899995804,-0.8930000067,7,5,8,4,4,5,10
600880.SH,41.8758,2.286,81.9999,2015-09-30,282647776.0,-51.5900001526,0.1209999993,6,3,6,4,7,8,5
600881.SH,143.2756,1.5382,181.2162,2015-09-30,3501129728.0,-68.1600036621,0.1400000006,9,2,9,4,2,8,5
600882.SH,-153.1655,3.9963,53.5777,2015-09-30,73859176.0,-130.75,0.4469999969,1,6,4,4,9,9,3
600883.SH,32.1684,3.808,27.1029,2015-09-30,2447702.25,2612.8000488281,-0.1010000035,5,6,1,4,10,1,8
600884.SH,12.1405,2.0489,102.0572,2015-09-30,1200976256.0,341.2799987793,-0.1330000013,3,3,7,4,4,1,8
600885.SH,32.05,5.8572,158.6342,2015-09-30,1072756096.0,14.75,1.003000021,5,8,8,4,4,4,1
600886.SH,10.2846,2.6293,620.2425,2015-09-30,9464050688.0,-2.2699999809,2.4700000286,3,4,10,4,1,6,1
600887.SH,21.5354,5.1695,972.0185,2015-09-30,15622962176.0,2.2300000191,1.5379999876,4,8,10,4,1,5,1
600888.SH,-10.5572,1.4445,46.553,2015-09-30,1674714240.0,162.0399932861,-0.9110000134,3,1,3,4,3,1,10
600889.SH,618.3166,3.4286,32.0887,2015-09-30,472977248.0,30235.529296875,-0.2189999968,10,6,2,4,6,1,9
600890.SH,-193.7827,14.5658,44.1926,2015-09-30,951212.6875,-90.5500030518,-0.0219999999,1,10,3,4,10,9,7
600891.SH,49.6656,2.81,24.3821,2015-09-30,99187832.0,28.2199993134,-0.3389999866,7,4,1,4,9,4,9
600892.SH,-1431.4376,512.4929,23.6024,2015-09-30,1871360.625,-2057.6999511719,-0.074000001,1,10,1,4,10,10,8
600893.SH,73.9202,5.5773,796.2465,2015-09-30,4600165888.0,10.8400001526,-1.9670000076,8,8,10,4,2,5,10
600894.SH,19.1672,2.9786,137.5915,2015-09-30,1355490688.0,296.3200073242,2.2170000076,4,5,8,4,3,1,1
600895.SH,49.958,4.2729,307.4149,2015-09-30,500535552.0,137.5099945068,0.0960000008,7,7,10,4,6,2,5
600896.SH,3071.7521,3.6765,71.0949,2015-09-30,230498304.0,160.8699951172,0.173999995,10,6,5,4,8,1,4
600897.SH,13.1792,1.9437,55.3331,2015-09-30,317007360.0,-18.4099998474,1.0579999685,3,2,4,4,7,7,1
600898.SH,107.5903,9.5509,34.1665,2015-09-30,217955232.0,10.8699998856,0.0250000004,8,9,2,4,8,5,6
601607.SH,17.8549,1.7592,501.2129,2015-09-30,28090263552.0,13.9200000763,0.248999998,4,2,10,10,1,4,4
